race_id,split,year,event,session,expected_driver_count,fastf1_participant_count,car_rows,position_rows,driver_hours_car,driver_hours_position,drivers_with_telemetry_coverage_pass,telemetry_coverage_status,source_retrieval_status,error,fastf1_missing_expected_drivers
2018:Chinese Grand Prix:Race,train,2018,Chinese Grand Prix,Race,20,20,475304,387297,31.95659527777778,31.95565611111111,20,PASS,SUCCESS,,
2019:Australian Grand Prix:Race,train,2019,Australian Grand Prix,Race,20,20,398270,317300,26.180329722222226,26.180069444444445,20,PASS,SUCCESS,,
2020:Hungarian Grand Prix:Race,train,2020,Hungarian Grand Prix,Race,20,20,460025,509488,31.0398225,31.04105333333333,20,PASS,SUCCESS,,
2018:Azerbaijan Grand Prix:Race,train,2018,Azerbaijan Grand Prix,Race,20,20,427514,348130,28.72493916666667,28.723529166666665,20,PASS,SUCCESS,,
2018:Canadian Grand Prix:Race,train,2018,Canadian Grand Prix,Race,20,20,399509,326210,26.916333611111114,26.9150325,20,PASS,SUCCESS,,
2018:French Grand Prix:Race,train,2018,French Grand Prix,Race,20,20,396139,322496,26.611630277777778,26.61236388888889,20,PASS,SUCCESS,,
2018:Austrian Grand Prix:Race,train,2018,Austrian Grand Prix,Race,20,20,366595,297614,24.55596166666667,24.555882222222223,20,PASS,SUCCESS,,
2018:British Grand Prix:Race,train,2018,British Grand Prix,Race,20,20,385086,307994,25.411936666666666,25.412009166666667,20,PASS,SUCCESS,,
2018:German Grand Prix:Race,train,2018,German Grand Prix,Race,20,20,439177,351162,28.975778888888886,28.975600277777776,20,PASS,SUCCESS,,
2018:Hungarian Grand Prix:Race,train,2018,Hungarian Grand Prix,Race,20,20,441752,353489,29.166370833333332,29.166155833333335,20,PASS,SUCCESS,,
2018:Belgian Grand Prix:Race,train,2018,Belgian Grand Prix,Race,20,20,334113,273116,22.531744722222225,22.532632500000002,20,PASS,SUCCESS,,
2018:Italian Grand Prix:Race,train,2018,Italian Grand Prix,Race,20,0,0,0,0,0,0,INCOMPLETE_OR_UNVERIFIED,FAILED,DataNotLoadedError: The data you are trying to access has not been loaded yet. See `Session.load`,
2018:Japanese Grand Prix:Race,train,2018,Japanese Grand Prix,Race,20,20,405161,332199,27.4067225,27.40743861111111,20,PASS,SUCCESS,,
2018:Mexican Grand Prix:Race,train,2018,Mexican Grand Prix,Race,20,20,438984,359641,29.671386388888887,29.670683888888888,20,PASS,SUCCESS,,
2018:Brazilian Grand Prix:Race,train,2018,Brazilian Grand Prix,Race,20,20,414062,332439,27.426511666666666,27.426103055555554,20,PASS,SUCCESS,,
2018:Abu Dhabi Grand Prix:Race,train,2018,Abu Dhabi Grand Prix,Race,20,20,438984,353374,29.154449166666666,29.153379722222223,20,PASS,SUCCESS,,
2019:Bahrain Grand Prix:Race,train,2019,Bahrain Grand Prix,Race,20,20,458170,366254,30.21748527777778,30.217898888888886,20,PASS,SUCCESS,,
2019:Chinese Grand Prix:Race,train,2019,Chinese Grand Prix,Race,20,20,444546,355298,29.315965000000002,29.314930833333335,20,PASS,SUCCESS,,
2019:Azerbaijan Grand Prix:Race,train,2019,Azerbaijan Grand Prix,Race,20,20,430129,352215,29.060166111111112,29.06012722222222,20,PASS,SUCCESS,,
2019:Canadian Grand Prix:Race,train,2019,Canadian Grand Prix,Race,20,20,421573,344875,28.454872777777776,28.453690555555553,20,PASS,SUCCESS,,
2019:French Grand Prix:Race,train,2019,French Grand Prix,Race,20,20,425219,341213,28.160110555555555,28.159664166666666,20,PASS,SUCCESS,,
2019:Austrian Grand Prix:Race,train,2019,Austrian Grand Prix,Race,20,20,415099,332933,27.469589444444445,27.469707777777778,20,PASS,SUCCESS,,
2019:British Grand Prix:Race,train,2019,British Grand Prix,Race,20,20,366861,292815,24.160311111111113,24.159210277777778,20,PASS,SUCCESS,,
2019:German Grand Prix:Race,train,2019,German Grand Prix,Race,20,20,440547,351886,29.03195638888889,29.030738611111115,20,PASS,SUCCESS,,
2019:Hungarian Grand Prix:Race,train,2019,Hungarian Grand Prix,Race,20,20,476494,381898,31.509441944444443,31.509253333333334,20,PASS,SUCCESS,,
2019:Belgian Grand Prix:Race,train,2019,Belgian Grand Prix,Race,20,20,375646,308797,25.475617777777778,25.4752225,20,PASS,SUCCESS,,
2019:Italian Grand Prix:Race,train,2019,Italian Grand Prix,Race,20,20,354821,290978,24.00721638888889,24.008005,20,PASS,SUCCESS,,
2019:Brazilian Grand Prix:Race,train,2019,Brazilian Grand Prix,Race,20,20,456324,367368,30.310663055555555,30.310875000000003,20,PASS,SUCCESS,,
2019:Abu Dhabi Grand Prix:Race,train,2019,Abu Dhabi Grand Prix,Race,20,20,471410,380053,31.356997777777778,31.355752499999998,20,PASS,SUCCESS,,
2020:Austrian Grand Prix:Race,train,2020,Austrian Grand Prix,Race,20,20,338344,381627,23.227831388888887,23.22800722222222,0,INCOMPLETE_OR_UNVERIFIED,SUCCESS,,
2020:British Grand Prix:Race,train,2020,British Grand Prix,Race,20,19,381195,419448,25.554826944444443,25.554850833333333,19,INCOMPLETE_OR_UNVERIFIED,SUCCESS,,HUL
2020:70th Anniversary Grand Prix:Race,train,2020,70th Anniversary Grand Prix,Race,20,20,394392,436407,26.5886625,26.588263333333334,20,PASS,SUCCESS,,
2020:Spanish Grand Prix:Race,train,2020,Spanish Grand Prix,Race,20,20,447097,495493,30.18788111111111,30.188385555555556,20,PASS,SUCCESS,,
2020:Belgian Grand Prix:Race,train,2020,Belgian Grand Prix,Race,20,19,367626,405884,24.730508888888888,24.730674166666667,19,INCOMPLETE_OR_UNVERIFIED,SUCCESS,,SAI
2020:Italian Grand Prix:Race,train,2020,Italian Grand Prix,Race,20,20,467992,516828,31.487882499999998,31.487887777777775,20,PASS,SUCCESS,,
2020:Russian Grand Prix:Race,train,2020,Russian Grand Prix,Race,20,20,422011,467519,28.484021666666667,28.484005833333335,20,PASS,SUCCESS,,
2020:Eifel Grand Prix:Race,train,2020,Eifel Grand Prix,Race,20,20,402357,446755,27.242724722222224,27.2435675,20,PASS,SUCCESS,,
2020:Portuguese Grand Prix:Race,train,2020,Portuguese Grand Prix,Race,20,20,442426,490437,29.879582777777777,29.88010583333333,20,PASS,SUCCESS,,
2020:Emilia Romagna Grand Prix:Race,train,2020,Emilia Romagna Grand Prix,Race,20,20,390911,434810,26.491118888888888,26.4910075,20,PASS,SUCCESS,,
2020:Bahrain Grand Prix:Race,train,2020,Bahrain Grand Prix,Race,20,20,821775,909003,55.38627833333333,55.38740972222222,20,PASS,SUCCESS,,
2020:Sakhir Grand Prix:Race,train,2020,Sakhir Grand Prix,Race,20,20,397915,442110,26.935705833333333,26.935939166666667,20,PASS,SUCCESS,,
2020:Abu Dhabi Grand Prix:Race,train,2020,Abu Dhabi Grand Prix,Race,20,0,0,0,0,0,0,INCOMPLETE_OR_UNVERIFIED,FAILED,RateLimitExceededError: any API: 500 calls/h,
2021:Bahrain Grand Prix:Race,validation,2021,Bahrain Grand Prix,Race,20,0,0,0,0,0,0,INCOMPLETE_OR_UNVERIFIED,FAILED,RateLimitExceededError: any API: 500 calls/h,
2021:Emilia Romagna Grand Prix:Race,validation,2021,Emilia Romagna Grand Prix,Race,20,0,0,0,0,0,0,INCOMPLETE_OR_UNVERIFIED,FAILED,RateLimitExceededError: any API: 500 calls/h,
2021:Portuguese Grand Prix:Race,validation,2021,Portuguese Grand Prix,Race,20,0,0,0,0,0,0,INCOMPLETE_OR_UNVERIFIED,FAILED,RateLimitExceededError: any API: 500 calls/h,
2021:Monaco Grand Prix:Race,validation,2021,Monaco Grand Prix,Race,20,0,0,0,0,0,0,INCOMPLETE_OR_UNVERIFIED,FAILED,RateLimitExceededError: any API: 500 calls/h,
2021:Azerbaijan Grand Prix:Race,validation,2021,Azerbaijan Grand Prix,Race,20,0,0,0,0,0,0,INCOMPLETE_OR_UNVERIFIED,FAILED,RateLimitExceededError: any API: 500 calls/h,
2021:French Grand Prix:Race,validation,2021,French Grand Prix,Race,20,0,0,0,0,0,0,INCOMPLETE_OR_UNVERIFIED,FAILED,RateLimitExceededError: any API: 500 calls/h,
2021:Austrian Grand Prix:Race,validation,2021,Austrian Grand Prix,Race,20,0,0,0,0,0,0,INCOMPLETE_OR_UNVERIFIED,FAILED,RateLimitExceededError: any API: 500 calls/h,
2021:British Grand Prix:Race,validation,2021,British Grand Prix,Race,20,0,0,0,0,0,0,INCOMPLETE_OR_UNVERIFIED,FAILED,RateLimitExceededError: any API: 500 calls/h,
2021:Hungarian Grand Prix:Race,validation,2021,Hungarian Grand Prix,Race,20,0,0,0,0,0,0,INCOMPLETE_OR_UNVERIFIED,FAILED,RateLimitExceededError: any API: 500 calls/h,
2021:Belgian Grand Prix:Race,validation,2021,Belgian Grand Prix,Race,20,0,0,0,0,0,0,INCOMPLETE_OR_UNVERIFIED,FAILED,RateLimitExceededError: any API: 500 calls/h,
2021:Dutch Grand Prix:Race,validation,2021,Dutch Grand Prix,Race,20,0,0,0,0,0,0,INCOMPLETE_OR_UNVERIFIED,FAILED,RateLimitExceededError: any API: 500 calls/h,
2021:Italian Grand Prix:Race,validation,2021,Italian Grand Prix,Race,20,0,0,0,0,0,0,INCOMPLETE_OR_UNVERIFIED,FAILED,RateLimitExceededError: any API: 500 calls/h,
2021:Mexico City Grand Prix:Race,validation,2021,Mexico City Grand Prix,Race,20,0,0,0,0,0,0,INCOMPLETE_OR_UNVERIFIED,FAILED,RateLimitExceededError: any API: 500 calls/h,
2021:Abu Dhabi Grand Prix:Race,validation,2021,Abu Dhabi Grand Prix,Race,19,0,0,0,0,0,0,INCOMPLETE_OR_UNVERIFIED,FAILED,RateLimitExceededError: any API: 500 calls/h,
2022:Bahrain Grand Prix:Race,development_test,2022,Bahrain Grand Prix,Race,20,0,0,0,0,0,0,INCOMPLETE_OR_UNVERIFIED,FAILED,RateLimitExceededError: any API: 500 calls/h,
2022:Australian Grand Prix:Race,development_test,2022,Australian Grand Prix,Race,20,0,0,0,0,0,0,INCOMPLETE_OR_UNVERIFIED,FAILED,RateLimitExceededError: any API: 500 calls/h,
2022:Emilia Romagna Grand Prix:Race,development_test,2022,Emilia Romagna Grand Prix,Race,20,0,0,0,0,0,0,INCOMPLETE_OR_UNVERIFIED,FAILED,RateLimitExceededError: any API: 500 calls/h,
2022:Azerbaijan Grand Prix:Race,development_test,2022,Azerbaijan Grand Prix,Race,20,0,0,0,0,0,0,INCOMPLETE_OR_UNVERIFIED,FAILED,RateLimitExceededError: any API: 500 calls/h,
2022:Canadian Grand Prix:Race,development_test,2022,Canadian Grand Prix,Race,20,0,0,0,0,0,0,INCOMPLETE_OR_UNVERIFIED,FAILED,RateLimitExceededError: any API: 500 calls/h,
2022:British Grand Prix:Race,development_test,2022,British Grand Prix,Race,20,0,0,0,0,0,0,INCOMPLETE_OR_UNVERIFIED,FAILED,RateLimitExceededError: any API: 500 calls/h,
2022:Austrian Grand Prix:Race,development_test,2022,Austrian Grand Prix,Race,20,0,0,0,0,0,0,INCOMPLETE_OR_UNVERIFIED,FAILED,RateLimitExceededError: any API: 500 calls/h,
2022:French Grand Prix:Race,development_test,2022,French Grand Prix,Race,20,0,0,0,0,0,0,INCOMPLETE_OR_UNVERIFIED,FAILED,RateLimitExceededError: any API: 500 calls/h,
2022:Hungarian Grand Prix:Race,development_test,2022,Hungarian Grand Prix,Race,20,0,0,0,0,0,0,INCOMPLETE_OR_UNVERIFIED,FAILED,RateLimitExceededError: any API: 500 calls/h,
2022:Belgian Grand Prix:Race,development_test,2022,Belgian Grand Prix,Race,20,0,0,0,0,0,0,INCOMPLETE_OR_UNVERIFIED,FAILED,RateLimitExceededError: any API: 500 calls/h,
2022:Dutch Grand Prix:Race,development_test,2022,Dutch Grand Prix,Race,20,0,0,0,0,0,0,INCOMPLETE_OR_UNVERIFIED,FAILED,RateLimitExceededError: any API: 500 calls/h,
2022:Italian Grand Prix:Race,development_test,2022,Italian Grand Prix,Race,20,0,0,0,0,0,0,INCOMPLETE_OR_UNVERIFIED,FAILED,RateLimitExceededError: any API: 500 calls/h,
2022:Japanese Grand Prix:Race,development_test,2022,Japanese Grand Prix,Race,20,0,0,0,0,0,0,INCOMPLETE_OR_UNVERIFIED,FAILED,RateLimitExceededError: any API: 500 calls/h,
2022:Abu Dhabi Grand Prix:Race,development_test,2022,Abu Dhabi Grand Prix,Race,20,0,0,0,0,0,0,INCOMPLETE_OR_UNVERIFIED,FAILED,RateLimitExceededError: any API: 500 calls/h,
