race_id,year,event,session,provider,fastf1_version,cache_state_before_load,cache_files_before,cache_bytes_before,cache_digest_before,raw_cache_retained,request_scope_guard,participant_driver_count,expected_driver_count,fastf1_missing_expected_drivers,fastf1_extra_drivers,car_rows_written,position_rows_written,retrieval_status,cache_files_after,cache_bytes_after,cache_digest_after,new_cache_bytes,cache_file_metadata,cache_cleanup_status
2018:Chinese Grand Prix:Race,2018,Chinese Grand Prix,Race,FastF1,3.8.3,NEW_DOWNLOAD_EXPECTED,0,0,e3b0c44298fc1c149afbf4c8996fb92427ae41e4649b934ca495991b7852b855,False,approved split row checked before get_session,20,20,[],[],475304,387297,SUCCESS,10,70292003,4df1251fc74e5fb2f08b2e9c10fa693cd0f5e3f619938d0013fb98ae35a3598b,70292003,"[{'name': '2018/2018-04-15_Chinese_Grand_Prix/2018-04-15_Race/_extended_timing_data.ff1pkl', 'bytes': 1016310, 'sha256': '2c0128edf55be4f1e09f7ff0622749b3982ffc7601773258c439c087a0168d3a'}, {'name': '2018/2018-04-15_Chinese_Grand_Prix/2018-04-15_Race/car_data.ff1pkl', 'bytes': 32747870, 'sha256': 'e0205d756ccdf556cfaed2d51449bd80840adaa5236685136024e264b4f3e7c3'}, {'name': '2018/2018-04-15_Chinese_Grand_Prix/2018-04-15_Race/driver_info.ff1pkl', 'bytes': 2300, 'sha256': '1ff2c0644d32d7d3ae90ea453c97cd9a28336ed7b0a2317847770d409224739c'}, {'name': '2018/2018-04-15_Chinese_Grand_Prix/2018-04-15_Race/lap_count.ff1pkl', 'bytes': 1164, 'sha256': 'ac172f9c24faeb2bfd58a26aba6c3ce0ad62fa52ef78518f8f71a2de4274a2c5'}, {'name': '2018/2018-04-15_Chinese_Grand_Prix/2018-04-15_Race/position_data.ff1pkl', 'bytes': 19875568, 'sha256': '31e17c94f7e2ebbc4a058d8f9902e1eb880889a2923d5c65e4a0e69886e8eafb'}, {'name': '2018/2018-04-15_Chinese_Grand_Prix/2018-04-15_Race/session_info.ff1pkl', 'bytes': 445, 'sha256': 'a15f4983de902ff7fcf6e100b7ab00c50116ff611d747a48b99d17f803420bc7'}, {'name': '2018/2018-04-15_Chinese_Grand_Prix/2018-04-15_Race/session_status_data.ff1pkl', 'bytes': 216, 'sha256': 'ace0c4718887f2a943d6388ec87eb62794e5e82942215b05ae2c40677c328471'}, {'name': '2018/2018-04-15_Chinese_Grand_Prix/2018-04-15_Race/timing_app_data.ff1pkl', 'bytes': 58996, 'sha256': 'b4e4126eb9665a1de44d9264e98906338b739c35e1613dc54606721d5aeeaebf'}, {'name': '2018/2018-04-15_Chinese_Grand_Prix/2018-04-15_Race/track_status_data.ff1pkl', 'bytes': 334, 'sha256': '4f91c781b809a54ae39a556cadb8502ae78c78ed2423141312d8132209a81289'}, {'name': 'fastf1_http_cache.sqlite', 'bytes': 16588800, 'sha256': 'e2b0693c2ce12bc4387ba04d88eacffc9b817683516fb03100e7477742079614'}]",CLEANED
2019:Australian Grand Prix:Race,2019,Australian Grand Prix,Race,FastF1,3.8.3,NEW_DOWNLOAD_EXPECTED,0,0,e3b0c44298fc1c149afbf4c8996fb92427ae41e4649b934ca495991b7852b855,False,approved split row checked before get_session,20,20,[],[],398270,317300,SUCCESS,10,74946071,c8a8c7b30e36e3212fe8d60e3b2a460e85972a0baaee93a06cde3ff006b0c88b,74946071,"[{'name': '2019/2019-03-17_Australian_Grand_Prix/2019-03-17_Race/_extended_timing_data.ff1pkl', 'bytes': 1024812, 'sha256': 'c5028fcf2fda0370c67770ade301a9df58b82f70a06500747064df933a4744c9'}, {'name': '2019/2019-03-17_Australian_Grand_Prix/2019-03-17_Race/car_data.ff1pkl', 'bytes': 36404811, 'sha256': 'ee3873199ec2fc2adecf25422e394cb291e35c654e37615e8af600f2606a10e6'}, {'name': '2019/2019-03-17_Australian_Grand_Prix/2019-03-17_Race/driver_info.ff1pkl', 'bytes': 2315, 'sha256': 'eb292b47434de056859615ae2be5529b1e396a3aa99da3b3d2927193648188c3'}, {'name': '2019/2019-03-17_Australian_Grand_Prix/2019-03-17_Race/lap_count.ff1pkl', 'bytes': 1204, 'sha256': 'a2f0dd82bdee404f04a57004f7927541871ad98fe3f2d0e56adb64719e75f79b'}, {'name': '2019/2019-03-17_Australian_Grand_Prix/2019-03-17_Race/position_data.ff1pkl', 'bytes': 21628689, 'sha256': '700094ca1e229f7da97d917095f7b8f877c114dbad3f077de29ec978fde44e55'}, {'name': '2019/2019-03-17_Australian_Grand_Prix/2019-03-17_Race/session_info.ff1pkl', 'bytes': 457, 'sha256': 'afc091c3365caab45b3fc79cb0d21b88309c6cf2c009c6703bc3a7ba50cc23e7'}, {'name': '2019/2019-03-17_Australian_Grand_Prix/2019-03-17_Race/session_status_data.ff1pkl', 'bytes': 216, 'sha256': '9bf72b242327ba12c94f759e7775582430938ae97816b960cc6054b0a5c87a50'}, {'name': '2019/2019-03-17_Australian_Grand_Prix/2019-03-17_Race/timing_app_data.ff1pkl', 'bytes': 101438, 'sha256': '1409b9b3d036ab09bbd88ddf61c7dec6cb286f69657a43ab5676be8a2144a36b'}, {'name': '2019/2019-03-17_Australian_Grand_Prix/2019-03-17_Race/track_status_data.ff1pkl', 'bytes': 241, 'sha256': 'fb2526d9ae41cc18396bdf31710ae16b9d6c6f89b8a506529c64d6922f64fc8f'}, {'name': 'fastf1_http_cache.sqlite', 'bytes': 15781888, 'sha256': '4fb5d576d1683c9623b37aa5de192d269a7f7b6f694e6e70fe945c5425a1da8c'}]",CLEANED
2020:Hungarian Grand Prix:Race,2020,Hungarian Grand Prix,Race,FastF1,3.8.3,NEW_DOWNLOAD_EXPECTED,0,0,e3b0c44298fc1c149afbf4c8996fb92427ae41e4649b934ca495991b7852b855,False,approved split row checked before get_session,20,20,[],[],460025,509488,SUCCESS,10,109079808,d76b94965f5202cb786576d78c1e288591cc37b86ec6dbba1635101c3ab7efd9,109079808,"[{'name': '2020/2020-07-19_Hungarian_Grand_Prix/2020-07-19_Race/_extended_timing_data.ff1pkl', 'bytes': 1027755, 'sha256': 'b9da5963357b0dae95d4a3d06fdd35a538ece8cd655e8ddd3185204f6956d364'}, {'name': '2020/2020-07-19_Hungarian_Grand_Prix/2020-07-19_Race/car_data.ff1pkl', 'bytes': 43436670, 'sha256': 'b89f409cda0d3dfa1225662423fa162beebe27005467295bd7b91585e35148b8'}, {'name': '2020/2020-07-19_Hungarian_Grand_Prix/2020-07-19_Race/driver_info.ff1pkl', 'bytes': 5201, 'sha256': '377cb5d21595ab40fc51d3d469b66bb8c4cba87046754547e7001feccb8e73bf'}, {'name': '2020/2020-07-19_Hungarian_Grand_Prix/2020-07-19_Race/lap_count.ff1pkl', 'bytes': 1432, 'sha256': 'bcf606ed07be95aeb4c611b3bd2f6cf118842a265c07c2db687507392233d496'}, {'name': '2020/2020-07-19_Hungarian_Grand_Prix/2020-07-19_Race/position_data.ff1pkl', 'bytes': 40000251, 'sha256': 'b4e3b276773a126349061f1cb3f05b985ef7ddd8de5da6a98bfe48ef44497729'}, {'name': '2020/2020-07-19_Hungarian_Grand_Prix/2020-07-19_Race/session_info.ff1pkl', 'bytes': 454, 'sha256': '77cd71fe4f134d13f92cdca075da0d9697e44d4d525204e5c2e5093ff0b93c70'}, {'name': '2020/2020-07-19_Hungarian_Grand_Prix/2020-07-19_Race/session_status_data.ff1pkl', 'bytes': 216, 'sha256': '0d0a90907de46351d7220194c1f0eec480861e3ec828a4d44628202343eac311'}, {'name': '2020/2020-07-19_Hungarian_Grand_Prix/2020-07-19_Race/timing_app_data.ff1pkl', 'bytes': 125686, 'sha256': '56de09293e8a39af449cebb93e998356271fc1ad34c70a2473da3405815623c7'}, {'name': '2020/2020-07-19_Hungarian_Grand_Prix/2020-07-19_Race/track_status_data.ff1pkl', 'bytes': 351, 'sha256': 'd8728f9c4600f05f545090880b574516aca3dcbe6002a689ed22779b7856279b'}, {'name': 'fastf1_http_cache.sqlite', 'bytes': 24481792, 'sha256': '20eb927fe99206b92ffb5bdb364a8ed9307fdd2dda459a11f03251e2e75d9f41'}]",CLEANED
2018:Azerbaijan Grand Prix:Race,2018,Azerbaijan Grand Prix,Race,FastF1,3.8.3,NEW_DOWNLOAD_EXPECTED,0,0,e3b0c44298fc1c149afbf4c8996fb92427ae41e4649b934ca495991b7852b855,False,approved split row checked before get_session,20,20,[],[],427514,348130,SUCCESS,10,69985018,10ce8ae6503212de6d535c510917257d71268778830460127790f188b89fe73f,69985018,"[{'name': '2018/2018-04-29_Azerbaijan_Grand_Prix/2018-04-29_Race/_extended_timing_data.ff1pkl', 'bytes': 839922, 'sha256': 'a2239fa558a49863400d4dbba53cd8f24c8267b501ff359c54e3cf47fbc00d80'}, {'name': '2018/2018-04-29_Azerbaijan_Grand_Prix/2018-04-29_Race/car_data.ff1pkl', 'bytes': 33270650, 'sha256': '1b47308f6675024aa678512cb77e75b1cc85c2244283a60027280b869681e997'}, {'name': '2018/2018-04-29_Azerbaijan_Grand_Prix/2018-04-29_Race/driver_info.ff1pkl', 'bytes': 2300, 'sha256': '940188ad8cbaca4d22c81fc46693f36d1f0d158d465a6bd0ed4f454fa1083759'}, {'name': '2018/2018-04-29_Azerbaijan_Grand_Prix/2018-04-29_Race/lap_count.ff1pkl', 'bytes': 1069, 'sha256': '660c6883520393643ba777489b537dc6220755a45a73ab3859e02394f8b9b914'}, {'name': '2018/2018-04-29_Azerbaijan_Grand_Prix/2018-04-29_Race/position_data.ff1pkl', 'bytes': 20210848, 'sha256': 'f1090cb6ed898463b14e94e645b0386c8139e97725756e17a2a7c2c8a35b3d9a'}, {'name': '2018/2018-04-29_Azerbaijan_Grand_Prix/2018-04-29_Race/session_info.ff1pkl', 'bytes': 448, 'sha256': '06560d35fcae1305c73d2940c642ee97826e3f314e77bb751d60857931ffe135'}, {'name': '2018/2018-04-29_Azerbaijan_Grand_Prix/2018-04-29_Race/session_status_data.ff1pkl', 'bytes': 216, 'sha256': 'a55573e4ab220a18a74d116afc251a83fa7d9fcd899bfa37a2ecdf38ca504e18'}, {'name': '2018/2018-04-29_Azerbaijan_Grand_Prix/2018-04-29_Race/timing_app_data.ff1pkl', 'bytes': 81757, 'sha256': '52d23ece90a7d354cc22a1844c6f283d77adb2880e470e286afb250915de8326'}, {'name': '2018/2018-04-29_Azerbaijan_Grand_Prix/2018-04-29_Race/track_status_data.ff1pkl', 'bytes': 720, 'sha256': 'ab784fca01e2ed6366c4c06c12ba4dd1e644ea48593af718b8e0f54c75b6c11c'}, {'name': 'fastf1_http_cache.sqlite', 'bytes': 15577088, 'sha256': 'b0c683b7643b9ca239332255874e08cb7d173ece7fa61101c178192671235fc8'}]",CLEANED
2018:Canadian Grand Prix:Race,2018,Canadian Grand Prix,Race,FastF1,3.8.3,NEW_DOWNLOAD_EXPECTED,0,0,e3b0c44298fc1c149afbf4c8996fb92427ae41e4649b934ca495991b7852b855,False,approved split row checked before get_session,20,20,[],[],399509,326210,SUCCESS,10,65205051,4cd9f2fd7e9c621747894e572b2142792c1003dda3f18ded1ff95db65ec3c8fd,65205051,"[{'name': '2018/2018-06-10_Canadian_Grand_Prix/2018-06-10_Race/_extended_timing_data.ff1pkl', 'bytes': 902794, 'sha256': 'b009bd5510dc647b2b8dcb15bab565cf1079a5e8872d7d126cc22b6eab9e01de'}, {'name': '2018/2018-06-10_Canadian_Grand_Prix/2018-06-10_Race/car_data.ff1pkl', 'bytes': 30704070, 'sha256': '16348a2a6d5d2f316ba97a8ed337cfd81bf504bc32e4674fa49c3bdca188d51d'}, {'name': '2018/2018-06-10_Canadian_Grand_Prix/2018-06-10_Race/driver_info.ff1pkl', 'bytes': 2300, 'sha256': '832ccd123223b0cb8042073b14231834e4ca3e8c4ad6b31947ecb761b0d02ae1'}, {'name': '2018/2018-06-10_Canadian_Grand_Prix/2018-06-10_Race/lap_count.ff1pkl', 'bytes': 1434, 'sha256': '9288760d24d3e0e4db3a20d34b8c164e3cb799a505d6237011e71f33428fa0d0'}, {'name': '2018/2018-06-10_Canadian_Grand_Prix/2018-06-10_Race/position_data.ff1pkl', 'bytes': 18719128, 'sha256': '002a60cd7464e1d5a1ddb251fadaef23849aa8a40a34977384b6743bc5db2894'}, {'name': '2018/2018-06-10_Canadian_Grand_Prix/2018-06-10_Race/session_info.ff1pkl', 'bytes': 454, 'sha256': '6798f88298d3115cb69b3188c74e1377fe9f4699c2c7f557833b6699663d5a77'}, {'name': '2018/2018-06-10_Canadian_Grand_Prix/2018-06-10_Race/session_status_data.ff1pkl', 'bytes': 216, 'sha256': '765279c494b9f2289a9eb63b1bb0c280903c16b5560c52630bea762f14fe6e69'}, {'name': '2018/2018-06-10_Canadian_Grand_Prix/2018-06-10_Race/timing_app_data.ff1pkl', 'bytes': 108216, 'sha256': '9a5d879159cd41c4080e45da2b476f107fee171dff7aad5ec72b3ef60d3f8a95'}, {'name': '2018/2018-06-10_Canadian_Grand_Prix/2018-06-10_Race/track_status_data.ff1pkl', 'bytes': 359, 'sha256': 'd43e648c858791d83765305eeae26b31cd40395ec3cc84d22066b167197bceb8'}, {'name': 'fastf1_http_cache.sqlite', 'bytes': 14766080, 'sha256': '1f1ac7d40fe4b404f90b0edbdaa6e9f3f1c38e9198bfdc05e5b5fc836cc07047'}]",CLEANED
2018:French Grand Prix:Race,2018,French Grand Prix,Race,FastF1,3.8.3,NEW_DOWNLOAD_EXPECTED,0,0,e3b0c44298fc1c149afbf4c8996fb92427ae41e4649b934ca495991b7852b855,False,approved split row checked before get_session,20,20,[],[],396139,322496,SUCCESS,10,64255330,836f87602eb4da667f9d759d6c60a93886ea2f256e7db80bd0b80368ca22c077,64255330,"[{'name': '2018/2018-06-24_French_Grand_Prix/2018-06-24_Race/_extended_timing_data.ff1pkl', 'bytes': 954926, 'sha256': 'cf19c4ef5f87f1feca7741443b666459059c4e752350b80f5771e79a2428b909'}, {'name': '2018/2018-06-24_French_Grand_Prix/2018-06-24_Race/car_data.ff1pkl', 'bytes': 29894550, 'sha256': '8e00ce65a35755cdbef5410bfe918901e764662f6104a0b36e822be7efb51ec2'}, {'name': '2018/2018-06-24_French_Grand_Prix/2018-06-24_Race/driver_info.ff1pkl', 'bytes': 2300, 'sha256': '1e1406d60ab1357d239e4aa5ad0d11bcc0078cc91df6af88a4ce5215485e4ce0'}, {'name': '2018/2018-06-24_French_Grand_Prix/2018-06-24_Race/lap_count.ff1pkl', 'bytes': 1103, 'sha256': 'c90af65b3c45cd00748e16d64e1f2d8935a36c8b11e4a51c578be0d0c111c064'}, {'name': '2018/2018-06-24_French_Grand_Prix/2018-06-24_Race/position_data.ff1pkl', 'bytes': 18136528, 'sha256': '18bcb1f3d04ae024b8d0785addcfac73d1b75028b09bdbbd0e722bb828507a84'}, {'name': '2018/2018-06-24_French_Grand_Prix/2018-06-24_Race/session_info.ff1pkl', 'bytes': 451, 'sha256': '0ecbdb497d018700417efd7ccfbbb2aeb454ebdde80cec57b9d5fd4a40d34caa'}, {'name': '2018/2018-06-24_French_Grand_Prix/2018-06-24_Race/session_status_data.ff1pkl', 'bytes': 214, 'sha256': '88ef00eff2d9d0147495f2f0b94bffbf58f87191fe2c06dbba867b12bc495acd'}, {'name': '2018/2018-06-24_French_Grand_Prix/2018-06-24_Race/timing_app_data.ff1pkl', 'bytes': 85003, 'sha256': '308cd3cc1d0299f7000be2c86f3e33cbcf2ff71c1635457087d39805dd449c38'}, {'name': '2018/2018-06-24_French_Grand_Prix/2018-06-24_Race/track_status_data.ff1pkl', 'bytes': 479, 'sha256': '4c17796be40f2f0db3438ef122d4c5d773f3be032b4f15b9ce31ef20893a455e'}, {'name': 'fastf1_http_cache.sqlite', 'bytes': 15179776, 'sha256': '2c823e58eb000f0e8cdc302014ddc290db25935da682375e4214b8f760d599be'}]",CLEANED
2018:Austrian Grand Prix:Race,2018,Austrian Grand Prix,Race,FastF1,3.8.3,NEW_DOWNLOAD_EXPECTED,0,0,e3b0c44298fc1c149afbf4c8996fb92427ae41e4649b934ca495991b7852b855,False,approved split row checked before get_session,20,20,[],[],366595,297614,SUCCESS,10,58424867,63a7fa96f3d29ed840c2108f43bb0299974343a62f5af2ad7e756180371a2279,58424867,"[{'name': '2018/2018-07-01_Austrian_Grand_Prix/2018-07-01_Race/_extended_timing_data.ff1pkl', 'bytes': 983663, 'sha256': 'b84e69da4300f2ffaf76f482ed7c10af4675ca58299e407c573fa0b2b61f8b40'}, {'name': '2018/2018-07-01_Austrian_Grand_Prix/2018-07-01_Race/car_data.ff1pkl', 'bytes': 26932630, 'sha256': 'a15227f80c98f994a92b6651e541dd1a17e9d66520ace5f62983318116c6ae72'}, {'name': '2018/2018-07-01_Austrian_Grand_Prix/2018-07-01_Race/driver_info.ff1pkl', 'bytes': 2300, 'sha256': 'a34fa1a8b894bf4f6f2368d1a4d6f3f85c9e0daafdec220f7e3cf6a61a6e6a33'}, {'name': '2018/2018-07-01_Austrian_Grand_Prix/2018-07-01_Race/lap_count.ff1pkl', 'bytes': 1439, 'sha256': 'e4967cd503af9586e7cffffcd519c42ef5a66865fd01ca8b9783f1ff8e8c5f11'}, {'name': '2018/2018-07-01_Austrian_Grand_Prix/2018-07-01_Race/position_data.ff1pkl', 'bytes': 16302448, 'sha256': '65a06ca67df61edb19646dff799d76e3ee02318e3235ed858b2521486f43444c'}, {'name': '2018/2018-07-01_Austrian_Grand_Prix/2018-07-01_Race/session_info.ff1pkl', 'bytes': 451, 'sha256': '6bfbc31cf03609f1eac362291276cc288aae93eb31fc089bb62cc3ac5bdd5a0d'}, {'name': '2018/2018-07-01_Austrian_Grand_Prix/2018-07-01_Race/session_status_data.ff1pkl', 'bytes': 216, 'sha256': 'dc322bef9f9025d9b5075b8439311730d59076e57723b1ce57f320cc68cd60bd'}, {'name': '2018/2018-07-01_Austrian_Grand_Prix/2018-07-01_Race/timing_app_data.ff1pkl', 'bytes': 94312, 'sha256': 'b591e997c3c522ea1d9e8288a2fae2bab3e9fa68fda414a3bc77aefc31adbc73'}, {'name': '2018/2018-07-01_Austrian_Grand_Prix/2018-07-01_Race/track_status_data.ff1pkl', 'bytes': 784, 'sha256': 'f1320b3ecd3130d65b96a6d6b3f6e8d8db0889a17c86c944e705e5bd5d0721e8'}, {'name': 'fastf1_http_cache.sqlite', 'bytes': 14106624, 'sha256': 'd798bbeb50768046607aedbd3d8f46290641ae16551ee215db14599eba7c4e80'}]",CLEANED
2018:British Grand Prix:Race,2018,British Grand Prix,Race,FastF1,3.8.3,NEW_DOWNLOAD_EXPECTED,0,0,e3b0c44298fc1c149afbf4c8996fb92427ae41e4649b934ca495991b7852b855,False,approved split row checked before get_session,20,20,[],[],385086,307994,SUCCESS,10,62147159,d25b54114096807f0391ec59a0ff1dfb280aada22f5b27788c80d9af046d37fc,62147159,"[{'name': '2018/2018-07-08_British_Grand_Prix/2018-07-08_Race/_extended_timing_data.ff1pkl', 'bytes': 908372, 'sha256': '5996a67ea86d3d9ffa3b10d061115f0453e0225b8db925d9b5d5036c19a60c16'}, {'name': '2018/2018-07-08_British_Grand_Prix/2018-07-08_Race/car_data.ff1pkl', 'bytes': 29291530, 'sha256': '781455a85c496b053b0ef8a24bce3bb41dee7be4cc6bbd6ab85dc3677b4172b2'}, {'name': '2018/2018-07-08_British_Grand_Prix/2018-07-08_Race/driver_info.ff1pkl', 'bytes': 2300, 'sha256': 'ad13a9e39dc1442824467a552d5d094b8110b30e5080119cf5e7bbfeba91138b'}, {'name': '2018/2018-07-08_British_Grand_Prix/2018-07-08_Race/lap_count.ff1pkl', 'bytes': 1086, 'sha256': '1a475edc297d09892282ec416768ff95dd4a2d45a5aafaaf9f877c463b0d1b88'}, {'name': '2018/2018-07-08_British_Grand_Prix/2018-07-08_Race/position_data.ff1pkl', 'bytes': 17502848, 'sha256': 'c9323f9743b36c9055f172b4fc6e996a99742c97f84dce032666f8dfc538f6fd'}, {'name': '2018/2018-07-08_British_Grand_Prix/2018-07-08_Race/session_info.ff1pkl', 'bytes': 459, 'sha256': '980fb01a9be5fa2a473a86108dd0eeb394ada94057332b068afcc57b26321da0'}, {'name': '2018/2018-07-08_British_Grand_Prix/2018-07-08_Race/session_status_data.ff1pkl', 'bytes': 216, 'sha256': '3b3271d674f46c09f8021a40155d01cb6a589cc718b3885303e3bc79c1c99099'}, {'name': '2018/2018-07-08_British_Grand_Prix/2018-07-08_Race/timing_app_data.ff1pkl', 'bytes': 70858, 'sha256': '291ad752cb58d222310552b6c81654daf294f7f53306cfc8fae15520963d40b9'}, {'name': '2018/2018-07-08_British_Grand_Prix/2018-07-08_Race/track_status_data.ff1pkl', 'bytes': 722, 'sha256': '9930bc765d4737a7cfb73ad25ac3ec966c7711f53fab0fe5df848f654a175a52'}, {'name': 'fastf1_http_cache.sqlite', 'bytes': 14368768, 'sha256': '9a855a522637ddcad9a6b2cf254b063223337b89c25664f557b7f76bec3359af'}]",CLEANED
2018:German Grand Prix:Race,2018,German Grand Prix,Race,FastF1,3.8.3,NEW_DOWNLOAD_EXPECTED,0,0,e3b0c44298fc1c149afbf4c8996fb92427ae41e4649b934ca495991b7852b855,False,approved split row checked before get_session,20,20,[],[],439177,351162,SUCCESS,10,66581183,77c8916f2249ded6239fa7955c49ad20754daef4604995c137fd8f7ccc8714aa,66581183,"[{'name': '2018/2018-07-22_German_Grand_Prix/2018-07-22_Race/_extended_timing_data.ff1pkl', 'bytes': 1110574, 'sha256': 'fd2bc61e6f61314f5078ad16519d9493965844957b94115552fd50886f5cb2f2'}, {'name': '2018/2018-07-22_German_Grand_Prix/2018-07-22_Race/car_data.ff1pkl', 'bytes': 30849210, 'sha256': 'ed5a508cb6a7ccebe8de5d96039c43223e81bf2585c9f3fdc95876f68de2bc15'}, {'name': '2018/2018-07-22_German_Grand_Prix/2018-07-22_Race/driver_info.ff1pkl', 'bytes': 2300, 'sha256': 'f34bb972b2ca00f1b386fe49d218e4d0cb8dbfdc3377136dbb5c8ad1c5addce4'}, {'name': '2018/2018-07-22_German_Grand_Prix/2018-07-22_Race/lap_count.ff1pkl', 'bytes': 1369, 'sha256': 'ff0d034fa59236428bf730f7cad215f7f56674f2262042d3fe0ca6a0feabdbaf'}, {'name': '2018/2018-07-22_German_Grand_Prix/2018-07-22_Race/position_data.ff1pkl', 'bytes': 18402288, 'sha256': 'cd7abad03bb8bf2a0def86c78e09f443237c388b3defa564e92d71e584efe122'}, {'name': '2018/2018-07-22_German_Grand_Prix/2018-07-22_Race/session_info.ff1pkl', 'bytes': 449, 'sha256': 'b1b9fa72798dc452bd3a9d147e1ea20eae2cf951610fd96941442330a51f9d73'}, {'name': '2018/2018-07-22_German_Grand_Prix/2018-07-22_Race/session_status_data.ff1pkl', 'bytes': 216, 'sha256': '079fc374d875352c1a97c1076c84b0d6b81e9ee488867232361e52f2a3728fcd'}, {'name': '2018/2018-07-22_German_Grand_Prix/2018-07-22_Race/timing_app_data.ff1pkl', 'bytes': 104738, 'sha256': '8efeb3e56a7738f7dd4e9b6f21ee15a154bc6c17897e9f0be14be8276d4f3541'}, {'name': '2018/2018-07-22_German_Grand_Prix/2018-07-22_Race/track_status_data.ff1pkl', 'bytes': 471, 'sha256': 'b4478291457756b3679a2d33fd04c595890c40b14d659bdb2f95114981d69e6a'}, {'name': 'fastf1_http_cache.sqlite', 'bytes': 16109568, 'sha256': '79f751f017a0d346d06e23b4237b4684859091945ab525192c7dbc79e0b73105'}]",CLEANED
2018:Hungarian Grand Prix:Race,2018,Hungarian Grand Prix,Race,FastF1,3.8.3,NEW_DOWNLOAD_EXPECTED,0,0,e3b0c44298fc1c149afbf4c8996fb92427ae41e4649b934ca495991b7852b855,False,approved split row checked before get_session,20,20,[],[],441752,353489,SUCCESS,10,68487500,7423ff0eedc9370103f326cf71042cf2b6a0c1f815bd2e94cb8489470d2e5592,68487500,"[{'name': '2018/2018-07-29_Hungarian_Grand_Prix/2018-07-29_Race/_extended_timing_data.ff1pkl', 'bytes': 992286, 'sha256': '4f7d9873288f9e80421ea0c87088eb8df3ae56812b033fc590afd3e3a6909512'}, {'name': '2018/2018-07-29_Hungarian_Grand_Prix/2018-07-29_Race/car_data.ff1pkl', 'bytes': 31943110, 'sha256': '8ecc6576a19430e8561955b50a42518c7e1654005437cbb738ee09af3cdb6f63'}, {'name': '2018/2018-07-29_Hungarian_Grand_Prix/2018-07-29_Race/driver_info.ff1pkl', 'bytes': 2300, 'sha256': 'd9428f6565712777c4242d158684c883e642b9a1dbf4da30339e0cc1bbd52132'}, {'name': '2018/2018-07-29_Hungarian_Grand_Prix/2018-07-29_Race/lap_count.ff1pkl', 'bytes': 1432, 'sha256': 'c03cef5fd532d07a172203b6547bc664e9061a789e71bb533882d63cf35ba185'}, {'name': '2018/2018-07-29_Hungarian_Grand_Prix/2018-07-29_Race/position_data.ff1pkl', 'bytes': 19079088, 'sha256': '8f58ec5e31783b2277ad6031a90485536ee4aa4e010e90e0c274a6be05bdde5e'}, {'name': '2018/2018-07-29_Hungarian_Grand_Prix/2018-07-29_Race/session_info.ff1pkl', 'bytes': 454, 'sha256': '172d5f207f728db112c40557790ebfd19e275d41d2fe974d95c960546df4ea89'}, {'name': '2018/2018-07-29_Hungarian_Grand_Prix/2018-07-29_Race/session_status_data.ff1pkl', 'bytes': 216, 'sha256': '228feacc9ebcdddf46a26049a69a1d2350c289dde9001632f695f9e8a2db287f'}, {'name': '2018/2018-07-29_Hungarian_Grand_Prix/2018-07-29_Race/timing_app_data.ff1pkl', 'bytes': 100658, 'sha256': 'deee29f10949bbf5fd4a325174b4cff36cfd1e8f83b51c41254710e7960e13ff'}, {'name': '2018/2018-07-29_Hungarian_Grand_Prix/2018-07-29_Race/track_status_data.ff1pkl', 'bytes': 340, 'sha256': 'ad959b1a38a107038819182f349237b4ae57c4029862fe03e73886eaf14b2342'}, {'name': 'fastf1_http_cache.sqlite', 'bytes': 16367616, 'sha256': '499d42c6d1354a48484c80a244da3bc797b05be0ad81025ade378a6a2e7484aa'}]",CLEANED
2018:Belgian Grand Prix:Race,2018,Belgian Grand Prix,Race,FastF1,3.8.3,NEW_DOWNLOAD_EXPECTED,0,0,e3b0c44298fc1c149afbf4c8996fb92427ae41e4649b934ca495991b7852b855,False,approved split row checked before get_session,20,20,[],[],334113,273116,SUCCESS,10,64064223,d6f734f2e0acc037acfe167addef65ee3ebe42b6b7165566cd130464f23f9b9a,64064223,"[{'name': '2018/2018-08-26_Belgian_Grand_Prix/2018-08-26_Race/_extended_timing_data.ff1pkl', 'bytes': 709213, 'sha256': 'cc3fae1b35e593e43d0e07c284a3affd12adcbf00016c17202a25b58bb966718'}, {'name': '2018/2018-08-26_Belgian_Grand_Prix/2018-08-26_Race/car_data.ff1pkl', 'bytes': 30910570, 'sha256': 'a7f365d7a803f0d42698044f2ff882515e11fe93769dd96aae5b50b2aab89609'}, {'name': '2018/2018-08-26_Belgian_Grand_Prix/2018-08-26_Race/driver_info.ff1pkl', 'bytes': 2302, 'sha256': '3971d3198f6388211f7424dd918638a4e8b483813a6c08939b39da5b1a75dbc0'}, {'name': '2018/2018-08-26_Belgian_Grand_Prix/2018-08-26_Race/lap_count.ff1pkl', 'bytes': 940, 'sha256': 'aa03caf397ee085ed4eaee29eee37986851823d362d08fb5ccac2dabb6ce9ed1'}, {'name': '2018/2018-08-26_Belgian_Grand_Prix/2018-08-26_Race/position_data.ff1pkl', 'bytes': 18839688, 'sha256': '41e091f392e69952d0a0638126fc1baa64cc3d333376267ef42f01c433a5ac65'}, {'name': '2018/2018-08-26_Belgian_Grand_Prix/2018-08-26_Race/session_info.ff1pkl', 'bytes': 465, 'sha256': '9c387faed51c3e0fe460835b51901989d8cf87e89cd1b52b656e95567e120e3d'}, {'name': '2018/2018-08-26_Belgian_Grand_Prix/2018-08-26_Race/session_status_data.ff1pkl', 'bytes': 216, 'sha256': '2407026b189b25e1eeb3ff9012c3eef3ac19ad97dab168ff882409dc854ab47e'}, {'name': '2018/2018-08-26_Belgian_Grand_Prix/2018-08-26_Race/timing_app_data.ff1pkl', 'bytes': 63219, 'sha256': '8fc35d89eb1df114330f5f5554b6eb1d132ba526806a52fac0459808d9761bc7'}, {'name': '2018/2018-08-26_Belgian_Grand_Prix/2018-08-26_Race/track_status_data.ff1pkl', 'bytes': 330, 'sha256': '18e35dc43ade830700e2bfd41210f20bd79d30010868887005fa85e828a7d6ed'}, {'name': 'fastf1_http_cache.sqlite', 'bytes': 13537280, 'sha256': '168d17e83c0c2fb7d8d4e639022b66f5db767128e02f825edc02343beaf7f46b'}]",CLEANED
2018:Japanese Grand Prix:Race,2018,Japanese Grand Prix,Race,FastF1,3.8.3,NEW_DOWNLOAD_EXPECTED,0,0,e3b0c44298fc1c149afbf4c8996fb92427ae41e4649b934ca495991b7852b855,False,approved split row checked before get_session,20,20,[],[],405161,332199,SUCCESS,10,67664548,76cb24fdb64f987acc648db943d825310de14fb49e2d8e5613e8a210d9b4f7ae,67664548,"[{'name': '2018/2018-10-07_Japanese_Grand_Prix/2018-10-07_Race/_extended_timing_data.ff1pkl', 'bytes': 981034, 'sha256': 'f264a18c31dc6592a5ddcdaa8cd2c025b08776ad6be138836b5acf1a4bbef547'}, {'name': '2018/2018-10-07_Japanese_Grand_Prix/2018-10-07_Race/car_data.ff1pkl', 'bytes': 31540690, 'sha256': '75e47284809c40e1c6e6ecf47a45d30695275d049254bef796199c3c5c496ae1'}, {'name': '2018/2018-10-07_Japanese_Grand_Prix/2018-10-07_Race/driver_info.ff1pkl', 'bytes': 2302, 'sha256': '69854b21391232e3db475ec941039c1ad3ea0f48f7cd55741672297e7b0ae06f'}, {'name': '2018/2018-10-07_Japanese_Grand_Prix/2018-10-07_Race/lap_count.ff1pkl', 'bytes': 1107, 'sha256': '859bfba59f686b2733630536099b016895b5f5d3230cec641d4b5b1270d0e1fe'}, {'name': '2018/2018-10-07_Japanese_Grand_Prix/2018-10-07_Race/position_data.ff1pkl', 'bytes': 19290288, 'sha256': 'db535ed7c1197ffad2be85e38fe9ac77edf3adb1a929450acd8fb0d6ca6a0aba'}, {'name': '2018/2018-10-07_Japanese_Grand_Prix/2018-10-07_Race/session_info.ff1pkl', 'bytes': 443, 'sha256': '00264cf84d231e72de7cbe31f52b8207b46c3d2809bb03b00850d19d8d6bc806'}, {'name': '2018/2018-10-07_Japanese_Grand_Prix/2018-10-07_Race/session_status_data.ff1pkl', 'bytes': 216, 'sha256': '7499edba6bcd9cfb3e16800de5a4513aa38c68580c74fa21867a4a312aefbe8e'}, {'name': '2018/2018-10-07_Japanese_Grand_Prix/2018-10-07_Race/timing_app_data.ff1pkl', 'bytes': 74343, 'sha256': 'aa9dd0db64a3808b28203bcc347b120dcc60014f4eb407e3ed6fb46e368ba3ee'}, {'name': '2018/2018-10-07_Japanese_Grand_Prix/2018-10-07_Race/track_status_data.ff1pkl', 'bytes': 429, 'sha256': 'c2bd7be88b0e01b72d67694f74f29187007d3fa6502d1ed2c1223486ae249558'}, {'name': 'fastf1_http_cache.sqlite', 'bytes': 15773696, 'sha256': 'efdb07996b2883b4eed984e735520dd6a4a9a1cdcc5ef4238f8506bd9e020203'}]",CLEANED
2018:Mexican Grand Prix:Race,2018,Mexican Grand Prix,Race,FastF1,3.8.3,NEW_DOWNLOAD_EXPECTED,0,0,e3b0c44298fc1c149afbf4c8996fb92427ae41e4649b934ca495991b7852b855,False,approved split row checked before get_session,20,20,[],[],438984,359641,SUCCESS,10,82890223,9fcaaf4e2851cded06abdc84c471da26cc6487c88ee62d84e36fad23cec1edfb,82890223,"[{'name': '2018/2018-10-28_Mexican_Grand_Prix/2018-10-28_Race/_extended_timing_data.ff1pkl', 'bytes': 1021886, 'sha256': 'b50b30956185d3772aa76d8923dcb472d75d579b4b3723f18ca0a43224b4d6f9'}, {'name': '2018/2018-10-28_Mexican_Grand_Prix/2018-10-28_Race/car_data.ff1pkl', 'bytes': 40015730, 'sha256': '53474595fee8459a99a64f69480feaffef0b5c73f7cdda48fdef93c29fbcd221'}, {'name': '2018/2018-10-28_Mexican_Grand_Prix/2018-10-28_Race/driver_info.ff1pkl', 'bytes': 2302, 'sha256': 'e199ae0c3e922ee50f1f5060edb0e15022514cea5dbaaeb4cea4de04d98e2785'}, {'name': '2018/2018-10-28_Mexican_Grand_Prix/2018-10-28_Race/lap_count.ff1pkl', 'bytes': 1439, 'sha256': '7bbbdd3a7b6ebaf939d6f881380f1949726b12e9ae310f5f97b47755633b52d8'}, {'name': '2018/2018-10-28_Mexican_Grand_Prix/2018-10-28_Race/position_data.ff1pkl', 'bytes': 24471328, 'sha256': 'd99913ff009022cd577c4141d2908a221e71f98bc52c791eae474fc0c047c982'}, {'name': '2018/2018-10-28_Mexican_Grand_Prix/2018-10-28_Race/session_info.ff1pkl', 'bytes': 455, 'sha256': '6bcb0f3394408cc4bafcf56f5458104a2a64589d2c248b37e4a7726aff7962ae'}, {'name': '2018/2018-10-28_Mexican_Grand_Prix/2018-10-28_Race/session_status_data.ff1pkl', 'bytes': 216, 'sha256': 'ca73ddf2c62a84bedf1e809ec882ba0cc15fa3074e7bc890069ce5f42dfedfbc'}, {'name': '2018/2018-10-28_Mexican_Grand_Prix/2018-10-28_Race/timing_app_data.ff1pkl', 'bytes': 99394, 'sha256': 'a6d35587893d69a4d421cbc509ab57f5cfdb86ef751850b78cd9043b2a0b1da7'}, {'name': '2018/2018-10-28_Mexican_Grand_Prix/2018-10-28_Race/track_status_data.ff1pkl', 'bytes': 545, 'sha256': '27c98a8e6412485a2926e0e7415a14d643be6f07919231fd4962ba12e1aeb8d7'}, {'name': 'fastf1_http_cache.sqlite', 'bytes': 17276928, 'sha256': '2c683a403bce6091def52a7f31a3a80b8f5bd18b2810f3ab0f6769b0cd264210'}]",CLEANED
2018:Brazilian Grand Prix:Race,2018,Brazilian Grand Prix,Race,FastF1,3.8.3,NEW_DOWNLOAD_EXPECTED,0,0,e3b0c44298fc1c149afbf4c8996fb92427ae41e4649b934ca495991b7852b855,False,approved split row checked before get_session,20,20,[],[],414062,332439,SUCCESS,10,77458074,a132e6409098adce94222550ebdd9387a48dd41b989da5d61407d09c54d1cfa7,77458074,"[{'name': '2018/2018-11-11_Brazilian_Grand_Prix/2018-11-11_Race/_extended_timing_data.ff1pkl', 'bytes': 1072061, 'sha256': '75a99285976331e7838b85baadbbe53d7e6911d41438ea20420cfd510640178f'}, {'name': '2018/2018-11-11_Brazilian_Grand_Prix/2018-11-11_Race/car_data.ff1pkl', 'bytes': 37033790, 'sha256': 'd8dcf1889ca085386e6b9ff4b2e356ed04d5df4b5dc89013c441d75c62103f45'}, {'name': '2018/2018-11-11_Brazilian_Grand_Prix/2018-11-11_Race/driver_info.ff1pkl', 'bytes': 2302, 'sha256': 'a6baf31238934dc0e2840958897174d4ea9f5cbcf22d0b2cea6a31b5340e0455'}, {'name': '2018/2018-11-11_Brazilian_Grand_Prix/2018-11-11_Race/lap_count.ff1pkl', 'bytes': 1451, 'sha256': '7b6add6edc0cfe03bb5dd6147de672c0cfc1f450f4dc5dd96857a75a54302eee'}, {'name': '2018/2018-11-11_Brazilian_Grand_Prix/2018-11-11_Race/position_data.ff1pkl', 'bytes': 22179608, 'sha256': '4d504b23071cfb16410d4fb802c3325c7a5b22f8107458bdea5e2b072f2dd790'}, {'name': '2018/2018-11-11_Brazilian_Grand_Prix/2018-11-11_Race/session_info.ff1pkl', 'bytes': 459, 'sha256': 'd11109d23d9785f991a3c4f64f90e375875c93744eadb103340b0bee8405e818'}, {'name': '2018/2018-11-11_Brazilian_Grand_Prix/2018-11-11_Race/session_status_data.ff1pkl', 'bytes': 216, 'sha256': 'e36e112703bb4b9e775bf670110c361b75169899229c2b024704678a25a7ccca'}, {'name': '2018/2018-11-11_Brazilian_Grand_Prix/2018-11-11_Race/timing_app_data.ff1pkl', 'bytes': 112146, 'sha256': '67d16fdf93028d2d5f7f09a87b2250dcbc4d89be619055dbad108ce13a97ff68'}, {'name': '2018/2018-11-11_Brazilian_Grand_Prix/2018-11-11_Race/track_status_data.ff1pkl', 'bytes': 297, 'sha256': 'bc96721ecaa4eb2f8be9828cdfdc95bd30dcead71c7b36193e8570bba6346669'}, {'name': 'fastf1_http_cache.sqlite', 'bytes': 17055744, 'sha256': '8e4bf6de592d1bc3f7807d66eff1f2703b414db2933bb3ed0b6f1a38765f1306'}]",CLEANED
2018:Abu Dhabi Grand Prix:Race,2018,Abu Dhabi Grand Prix,Race,FastF1,3.8.3,NEW_DOWNLOAD_EXPECTED,0,0,e3b0c44298fc1c149afbf4c8996fb92427ae41e4649b934ca495991b7852b855,False,approved split row checked before get_session,20,20,[],[],438984,353374,SUCCESS,10,82833808,c6e5541cc4e8d7462970aad692208eb6a2a5a6e8104bfe178ef335429d2de8ee,82833808,"[{'name': '2018/2018-11-25_Abu_Dhabi_Grand_Prix/2018-11-25_Race/_extended_timing_data.ff1pkl', 'bytes': 906587, 'sha256': '23826c4ca178b1b0e1a0de029e341754464b1477797afef8362874a68d8f15c9'}, {'name': '2018/2018-11-25_Abu_Dhabi_Grand_Prix/2018-11-25_Race/car_data.ff1pkl', 'bytes': 40462990, 'sha256': 'a18ce6e4f3a0177459e8e0d30e5cc691f68f195afafaa2d350681ed3d7871699'}, {'name': '2018/2018-11-25_Abu_Dhabi_Grand_Prix/2018-11-25_Race/driver_info.ff1pkl', 'bytes': 2302, 'sha256': '3554960bee094aedff175e41baff22f8ef63ccda706b45f15b9ff5fe9375e6b9'}, {'name': '2018/2018-11-25_Abu_Dhabi_Grand_Prix/2018-11-25_Race/lap_count.ff1pkl', 'bytes': 1139, 'sha256': '0859c47d2a0cd367959ad4307850497723ce599f89e5b4f896801a48d4da9489'}, {'name': '2018/2018-11-25_Abu_Dhabi_Grand_Prix/2018-11-25_Race/position_data.ff1pkl', 'bytes': 24362208, 'sha256': '59e7946a02148ffba33e8323393dc9985ec7182defa9612af2d59ed4580d892b'}, {'name': '2018/2018-11-25_Abu_Dhabi_Grand_Prix/2018-11-25_Race/session_info.ff1pkl', 'bytes': 476, 'sha256': '2fb01a25789a74de0b03b539696e3a58daa9734370217cac3e5f513e81bbe4f2'}, {'name': '2018/2018-11-25_Abu_Dhabi_Grand_Prix/2018-11-25_Race/session_status_data.ff1pkl', 'bytes': 214, 'sha256': 'c7b11266949fb6da54dbe64b3e943ba1e5e74e12da229674d65551a386a140db'}, {'name': '2018/2018-11-25_Abu_Dhabi_Grand_Prix/2018-11-25_Race/timing_app_data.ff1pkl', 'bytes': 86692, 'sha256': '40ea1c0906a1485be62309eb97bce56b9a66506b4995f06c5e009843b86e14fd'}, {'name': '2018/2018-11-25_Abu_Dhabi_Grand_Prix/2018-11-25_Race/track_status_data.ff1pkl', 'bytes': 512, 'sha256': '7dc3768c4ed0720d1407ef403e2e4dc39c6f217f24edd3cf1700b06a7ac22400'}, {'name': 'fastf1_http_cache.sqlite', 'bytes': 17010688, 'sha256': '9c13502781cd569708a5148f710086766ac15064d71a11a6c1ae7641733cf0d6'}]",CLEANED
2019:Bahrain Grand Prix:Race,2019,Bahrain Grand Prix,Race,FastF1,3.8.3,NEW_DOWNLOAD_EXPECTED,0,0,e3b0c44298fc1c149afbf4c8996fb92427ae41e4649b934ca495991b7852b855,False,approved split row checked before get_session,20,20,[],[],458170,366254,SUCCESS,10,80766520,e2086bfcba564cf4be56add36c035ea82aba6dedb60caf7c5d6c6b91c67a1655,80766520,"[{'name': '2019/2019-03-31_Bahrain_Grand_Prix/2019-03-31_Race/_extended_timing_data.ff1pkl', 'bytes': 1200689, 'sha256': '3d2118915924fc8bf3356ad3b57c77cde10390aad84c87ba450d019c1b6d58f2'}, {'name': '2019/2019-03-31_Bahrain_Grand_Prix/2019-03-31_Race/car_data.ff1pkl', 'bytes': 38632731, 'sha256': 'f8cf9515723f27b5e9dc28f1aba91e21b2afbb47e13859955b8df042887150a2'}, {'name': '2019/2019-03-31_Bahrain_Grand_Prix/2019-03-31_Race/driver_info.ff1pkl', 'bytes': 2315, 'sha256': '5b395d90a09490b4b1a11fbe84c06e369cc3b410e15e33eebf30acd6f5bd8a10'}, {'name': '2019/2019-03-31_Bahrain_Grand_Prix/2019-03-31_Race/lap_count.ff1pkl', 'bytes': 1181, 'sha256': '013c2add2d33fd43f50005c21001ad9f8ceb49c33f451dfa5c855565a8877bdb'}, {'name': '2019/2019-03-31_Bahrain_Grand_Prix/2019-03-31_Race/position_data.ff1pkl', 'bytes': 23017449, 'sha256': '345cc736f1e6a963daf5cf8db560a2c57e8d6b36dec0446dccf7896643d19da8'}, {'name': '2019/2019-03-31_Bahrain_Grand_Prix/2019-03-31_Race/session_info.ff1pkl', 'bytes': 443, 'sha256': 'cd8a096ad9675867ae61cb74a7f4aa3f32e6e347bc30a3ebe0f60dc63948f6fc'}, {'name': '2019/2019-03-31_Bahrain_Grand_Prix/2019-03-31_Race/session_status_data.ff1pkl', 'bytes': 216, 'sha256': 'eb6a3c05d91f66c60716d8f7e61b9a19e1ea2888dba8ae2b447d0c07d3e6d805'}, {'name': '2019/2019-03-31_Bahrain_Grand_Prix/2019-03-31_Race/timing_app_data.ff1pkl', 'bytes': 97127, 'sha256': '09471b93ee27d8839c727ffc6cf7daf63763d7ea420a74c7c403ea5657ee018d'}, {'name': '2019/2019-03-31_Bahrain_Grand_Prix/2019-03-31_Race/track_status_data.ff1pkl', 'bytes': 865, 'sha256': '5f5d1fd28d69d0f9fbf1ac6c07c3743a70af8a7b7a89c320ec17ab94b099b1e8'}, {'name': 'fastf1_http_cache.sqlite', 'bytes': 17813504, 'sha256': 'fe8897a5ce515c4c50c656eb9880f912d502456fca1627ad16ebf70a950aa43a'}]",CLEANED
2019:Chinese Grand Prix:Race,2019,Chinese Grand Prix,Race,FastF1,3.8.3,NEW_DOWNLOAD_EXPECTED,0,0,e3b0c44298fc1c149afbf4c8996fb92427ae41e4649b934ca495991b7852b855,False,approved split row checked before get_session,20,20,[],[],444546,355298,SUCCESS,10,78241925,c13fda04ab8c35c20dcb394535695bb8b1ca2c59b0453980d8f12edb8c8666ed,78241925,"[{'name': '2019/2019-04-14_Chinese_Grand_Prix/2019-04-14_Race/_extended_timing_data.ff1pkl', 'bytes': 933053, 'sha256': 'cb961c7d04872b2ad487a8198e38f0d6a13198167c4293ad80f45ee3063a709c'}, {'name': '2019/2019-04-14_Chinese_Grand_Prix/2019-04-14_Race/car_data.ff1pkl', 'bytes': 37934171, 'sha256': '2f3d49fff13a056a50c0e06e8419cad94b600f1ced0fb95788351df6af40473a'}, {'name': '2019/2019-04-14_Chinese_Grand_Prix/2019-04-14_Race/driver_info.ff1pkl', 'bytes': 2315, 'sha256': '51b280020fd31f8b9b99ffdaa3a11c380e947607b6a3ea8983bcdde4a75d731c'}, {'name': '2019/2019-04-14_Chinese_Grand_Prix/2019-04-14_Race/lap_count.ff1pkl', 'bytes': 1166, 'sha256': '8a7c7750068f4c744ff0d44511049100b3bafaf7be7624d878e7115932b1edcb'}, {'name': '2019/2019-04-14_Chinese_Grand_Prix/2019-04-14_Race/position_data.ff1pkl', 'bytes': 22659249, 'sha256': '8c4ba4aa467b21e592bd6f676859c3c061bd12bf176e40e2743c04207d7c82ac'}, {'name': '2019/2019-04-14_Chinese_Grand_Prix/2019-04-14_Race/session_info.ff1pkl', 'bytes': 445, 'sha256': 'b6a12ec58a523517371b693136f3c846f4e34a05a8a364d21647257d8a748c0a'}, {'name': '2019/2019-04-14_Chinese_Grand_Prix/2019-04-14_Race/session_status_data.ff1pkl', 'bytes': 216, 'sha256': '7cbf8d653978fb693a18e61a1c74c9e09f47be96c4ee1b686f6d95ebcfc7835f'}, {'name': '2019/2019-04-14_Chinese_Grand_Prix/2019-04-14_Race/timing_app_data.ff1pkl', 'bytes': 97651, 'sha256': '378f952524f5fdc7f67dd4ebc78e903133a8aa62ec3d4245ed38654074055e8b'}, {'name': '2019/2019-04-14_Chinese_Grand_Prix/2019-04-14_Race/track_status_data.ff1pkl', 'bytes': 283, 'sha256': '465e681d380fde5f30d59a97430da40c4998d2e0d1e7ae62303a6a76e469020d'}, {'name': 'fastf1_http_cache.sqlite', 'bytes': 16613376, 'sha256': '6802a0e6557c1a403055ac508cf8c502aea84b0a9e4c162d76abf3cdbb62b2b8'}]",CLEANED
2019:Azerbaijan Grand Prix:Race,2019,Azerbaijan Grand Prix,Race,FastF1,3.8.3,NEW_DOWNLOAD_EXPECTED,0,0,e3b0c44298fc1c149afbf4c8996fb92427ae41e4649b934ca495991b7852b855,False,approved split row checked before get_session,20,20,[],[],430129,352215,SUCCESS,10,78207292,f8ef5161bfc99f2f9ba5a1caf4acec4500debc7073cb30ecb4c40b0c6c964299,78207292,"[{'name': '2019/2019-04-28_Azerbaijan_Grand_Prix/2019-04-28_Race/_extended_timing_data.ff1pkl', 'bytes': 954563, 'sha256': 'd8bcf5060b3ea31ed86bfbe88eca089ec08c048cfb80b864b7b9c9872d995e7c'}, {'name': '2019/2019-04-28_Azerbaijan_Grand_Prix/2019-04-28_Race/car_data.ff1pkl', 'bytes': 37516411, 'sha256': 'e94c3dadbc38edc566ac9046a96dfeba1769f6d42476388919cb3115d632e675'}, {'name': '2019/2019-04-28_Azerbaijan_Grand_Prix/2019-04-28_Race/driver_info.ff1pkl', 'bytes': 2315, 'sha256': 'ec3b8e3ed01f514f03678602446357709b362cf9fc505308db732f218f769e0f'}, {'name': '2019/2019-04-28_Azerbaijan_Grand_Prix/2019-04-28_Race/lap_count.ff1pkl', 'bytes': 1071, 'sha256': '56fe0f189b67e57aafa59cd3fa9985c5d1806021674da754964a6d204b56af6a'}, {'name': '2019/2019-04-28_Azerbaijan_Grand_Prix/2019-04-28_Race/position_data.ff1pkl', 'bytes': 22920649, 'sha256': '9f32470032441f790127506bad88ac4684c69bd546e8102d43f0d4d985a872ec'}, {'name': '2019/2019-04-28_Azerbaijan_Grand_Prix/2019-04-28_Race/session_info.ff1pkl', 'bytes': 448, 'sha256': 'bb92209ea95d3e491be3dc3b21203067062c0dd06e61efdcb1bd3bd94b07bd51'}, {'name': '2019/2019-04-28_Azerbaijan_Grand_Prix/2019-04-28_Race/session_status_data.ff1pkl', 'bytes': 216, 'sha256': '1228055fa6a38ddc085bbbebc11557aea588aa97dbea646e1efa7fd96628c020'}, {'name': '2019/2019-04-28_Azerbaijan_Grand_Prix/2019-04-28_Race/timing_app_data.ff1pkl', 'bytes': 99306, 'sha256': '17d2e9cc0ce10a0d2dce4951ff604e22f854a62226e20da4ec645a5482147f00'}, {'name': '2019/2019-04-28_Azerbaijan_Grand_Prix/2019-04-28_Race/track_status_data.ff1pkl', 'bytes': 633, 'sha256': '048a057fa2562298f543defe751dcce6411da1eefd27dca60d6d8df1caf7673c'}, {'name': 'fastf1_http_cache.sqlite', 'bytes': 16711680, 'sha256': '432aae16551b9ee41deb3417a23d4b0e8cba3a2969860334816a5c74662b204f'}]",CLEANED
2019:Canadian Grand Prix:Race,2019,Canadian Grand Prix,Race,FastF1,3.8.3,NEW_DOWNLOAD_EXPECTED,0,0,e3b0c44298fc1c149afbf4c8996fb92427ae41e4649b934ca495991b7852b855,False,approved split row checked before get_session,20,20,[],[],421573,344875,SUCCESS,10,76706618,3749ec3a2270daac8bd4220cb827dfd40a42ca3ef36304361b2c605ffcc8dc39,76706618,"[{'name': '2019/2019-06-09_Canadian_Grand_Prix/2019-06-09_Race/_extended_timing_data.ff1pkl', 'bytes': 975885, 'sha256': 'ecdd0f677bf764e9577de021e94e3f99f7c820d68285f497eff4b0f52082801b'}, {'name': '2019/2019-06-09_Canadian_Grand_Prix/2019-06-09_Race/car_data.ff1pkl', 'bytes': 36726991, 'sha256': 'f6b5527fadbd2c8f12361390f8ab4c14b2c8b03db5ee4ee2132de89c9a04a5ac'}, {'name': '2019/2019-06-09_Canadian_Grand_Prix/2019-06-09_Race/driver_info.ff1pkl', 'bytes': 4608, 'sha256': '5798ae4220701b5b3bff5579526cd41e3b26aa4839032293bea9bd129389efbf'}, {'name': '2019/2019-06-09_Canadian_Grand_Prix/2019-06-09_Race/lap_count.ff1pkl', 'bytes': 1434, 'sha256': '3811c94c3fe5b0fc37c603b4541f1b04b71d27f10a0f2bec8f36cd2765c1d9c4'}, {'name': '2019/2019-06-09_Canadian_Grand_Prix/2019-06-09_Race/position_data.ff1pkl', 'bytes': 22389049, 'sha256': '4a2abed6ebc5111c9649c95db4fbd974b98d156ce9a2c14edf5357c84b23661d'}, {'name': '2019/2019-06-09_Canadian_Grand_Prix/2019-06-09_Race/session_info.ff1pkl', 'bytes': 454, 'sha256': '38f923fe647072af8da8ba4972d81cb35d00bbab1025b61850e04e0ec07a84e3'}, {'name': '2019/2019-06-09_Canadian_Grand_Prix/2019-06-09_Race/session_status_data.ff1pkl', 'bytes': 214, 'sha256': '82f99a93fe39f647369a8c89116d869e859dce384cfd3cbfb44a011376f67940'}, {'name': '2019/2019-06-09_Canadian_Grand_Prix/2019-06-09_Race/timing_app_data.ff1pkl', 'bytes': 121122, 'sha256': '7678be19221ac2ee70c9c6a9828ea569eaf1ac08a919019923aa496432b031a9'}, {'name': '2019/2019-06-09_Canadian_Grand_Prix/2019-06-09_Race/track_status_data.ff1pkl', 'bytes': 461, 'sha256': '649cf5aae73ca30cb9e8ca78ca4551683ef3428f2696c5cbc7a14961cd364f3b'}, {'name': 'fastf1_http_cache.sqlite', 'bytes': 16486400, 'sha256': 'd9b6212d8a5fa17d4278113f2e6e221f6f75f6c2bd000040fbd2be4e12c74b8d'}]",CLEANED
2019:French Grand Prix:Race,2019,French Grand Prix,Race,FastF1,3.8.3,NEW_DOWNLOAD_EXPECTED,0,0,e3b0c44298fc1c149afbf4c8996fb92427ae41e4649b934ca495991b7852b855,False,approved split row checked before get_session,20,20,[],[],425219,341213,SUCCESS,10,75172773,fde008e95b6b5cfef990165ad41d0a66d473848dbd12984becbdfb24cf4a5874,75172773,"[{'name': '2019/2019-06-23_French_Grand_Prix/2019-06-23_Race/_extended_timing_data.ff1pkl', 'bytes': 1063692, 'sha256': '5198a056647938738ee4cee1db33f254697928dea7fad6eb3b695c1fb958a9ad'}, {'name': '2019/2019-06-23_French_Grand_Prix/2019-06-23_Race/car_data.ff1pkl', 'bytes': 35903311, 'sha256': '7cc3bd54668ef7c30d39be7b13e488eba71744394852d7edc50cc00de2f8af43'}, {'name': '2019/2019-06-23_French_Grand_Prix/2019-06-23_Race/driver_info.ff1pkl', 'bytes': 4608, 'sha256': '07c0ed9f8efc686fba56cc6c24fdd1d5cefa0ecfea253fef7bed738d768dce7c'}, {'name': '2019/2019-06-23_French_Grand_Prix/2019-06-23_Race/lap_count.ff1pkl', 'bytes': 1105, 'sha256': '512dd88d5e8957712de79d02078d8ef42022e0dbdd3ff9f3ee9621f9afcf9990'}, {'name': '2019/2019-06-23_French_Grand_Prix/2019-06-23_Race/position_data.ff1pkl', 'bytes': 21486969, 'sha256': 'fce5ee42b49f76474aaec1864e0e08c836b544bbfc8abc13866b3026e86a4175'}, {'name': '2019/2019-06-23_French_Grand_Prix/2019-06-23_Race/session_info.ff1pkl', 'bytes': 451, 'sha256': 'd6aefd890a82cbdd1ff0c33689474d31cb91e241dafc28b40cc433a974cb4848'}, {'name': '2019/2019-06-23_French_Grand_Prix/2019-06-23_Race/session_status_data.ff1pkl', 'bytes': 214, 'sha256': '9d6ff1afc036d7e342cfebdc64416e5ba2606c6430e01cdd8a0fbd4626c69203'}, {'name': '2019/2019-06-23_French_Grand_Prix/2019-06-23_Race/timing_app_data.ff1pkl', 'bytes': 110856, 'sha256': 'af5ffa9f06e71669f8c91595fb10ea8be16472c5409bf824d0d2fceb6540f280'}, {'name': '2019/2019-06-23_French_Grand_Prix/2019-06-23_Race/track_status_data.ff1pkl', 'bytes': 479, 'sha256': '81d31c7e3a8484b116cc601b246db858d4d3a709a8c7a2f6eeb1977478f3b4e5'}, {'name': 'fastf1_http_cache.sqlite', 'bytes': 16601088, 'sha256': '32f7a44e4f156297d770bb63e80f25ee0898d400e2574082df822f5c6a52a4e9'}]",CLEANED
2019:Austrian Grand Prix:Race,2019,Austrian Grand Prix,Race,FastF1,3.8.3,NEW_DOWNLOAD_EXPECTED,0,0,e3b0c44298fc1c149afbf4c8996fb92427ae41e4649b934ca495991b7852b855,False,approved split row checked before get_session,20,20,[],[],415099,332933,SUCCESS,10,73916500,b6525a0137a282e59b80f265f4821be76c1cef7eaca521699a8f801c1804d6eb,73916500,"[{'name': '2019/2019-06-30_Austrian_Grand_Prix/2019-06-30_Race/_extended_timing_data.ff1pkl', 'bytes': 1141231, 'sha256': '14e29902667df44fe2e0acb54a49599922f7ce4cad781b06653f26e5bf0f3017'}, {'name': '2019/2019-06-30_Austrian_Grand_Prix/2019-06-30_Race/car_data.ff1pkl', 'bytes': 35073731, 'sha256': '58e4d44acca7db7babb28df17e38c23678bc5bbb6736d57ad2e96ca8496b87eb'}, {'name': '2019/2019-06-30_Austrian_Grand_Prix/2019-06-30_Race/driver_info.ff1pkl', 'bytes': 4608, 'sha256': 'e3312712d14bf0b9a42b1028c8da5472c7bfb7f2691a2210587c198a7df6a4e9'}, {'name': '2019/2019-06-30_Austrian_Grand_Prix/2019-06-30_Race/lap_count.ff1pkl', 'bytes': 1451, 'sha256': 'af9e26f7f75432622acc25122e83df62f81f502e4c7f6eed6ea4c09239e7f3e7'}, {'name': '2019/2019-06-30_Austrian_Grand_Prix/2019-06-30_Race/position_data.ff1pkl', 'bytes': 20974769, 'sha256': '11ed9d65e12237662b194943e2cde9e236fe621d3289574231380e69aac09ae1'}, {'name': '2019/2019-06-30_Austrian_Grand_Prix/2019-06-30_Race/session_info.ff1pkl', 'bytes': 451, 'sha256': 'b57cfb8274af5d9bb9ceff968f40e28df2f9852f2e14a519c9fa40bf81841972'}, {'name': '2019/2019-06-30_Austrian_Grand_Prix/2019-06-30_Race/session_status_data.ff1pkl', 'bytes': 216, 'sha256': 'a46a01ded1ee2b10f9b99585d2b986f35519c9320f0d368740e6365ee94730ec'}, {'name': '2019/2019-06-30_Austrian_Grand_Prix/2019-06-30_Race/timing_app_data.ff1pkl', 'bytes': 127020, 'sha256': '4a6475f3251e363caab3858b3ed1cd73c1f8e81637b715861fe3a80952d4b497'}, {'name': '2019/2019-06-30_Austrian_Grand_Prix/2019-06-30_Race/track_status_data.ff1pkl', 'bytes': 127, 'sha256': 'b13c86d0813ae67fbac51c6e40f245b77e5d406e9a3495c908e3af16352a279e'}, {'name': 'fastf1_http_cache.sqlite', 'bytes': 16592896, 'sha256': '2489bad661e4783639a5cffb00ccba117e6c54db5340c9a66eed0ff57901528a'}]",CLEANED
2019:British Grand Prix:Race,2019,British Grand Prix,Race,FastF1,3.8.3,NEW_DOWNLOAD_EXPECTED,0,0,e3b0c44298fc1c149afbf4c8996fb92427ae41e4649b934ca495991b7852b855,False,approved split row checked before get_session,20,20,[],[],366861,292815,SUCCESS,10,72092179,582c7b0a90191c73fc4cf0d51b76fda90a037764b21997b35ad8c315d0552798,72092179,"[{'name': '2019/2019-07-14_British_Grand_Prix/2019-07-14_Race/_extended_timing_data.ff1pkl', 'bytes': 918409, 'sha256': 'db02ef0f59d6e942f87724607933ebbbe0356ff07ad3576e8b36a5101ab1ac93'}, {'name': '2019/2019-07-14_British_Grand_Prix/2019-07-14_Race/car_data.ff1pkl', 'bytes': 35148071, 'sha256': '8e99bfe82fe6c5a2040ffbeb50646613cc0c4afdc1ac574631745fe315dea079'}, {'name': '2019/2019-07-14_British_Grand_Prix/2019-07-14_Race/driver_info.ff1pkl', 'bytes': 4608, 'sha256': 'ad0e575333634a64489bf612c6c6eda093912d04c2e32a091a4c9c220ff04025'}, {'name': '2019/2019-07-14_British_Grand_Prix/2019-07-14_Race/lap_count.ff1pkl', 'bytes': 1084, 'sha256': '63199bf9a102be5635d9a0b306931b9f23aae126e98de53ca59508526d393819'}, {'name': '2019/2019-07-14_British_Grand_Prix/2019-07-14_Race/position_data.ff1pkl', 'bytes': 20907889, 'sha256': '5596f69dfe3f30e92562d94fb672fe25637a4987eb255f5da9ad45f6a33b5fbe'}, {'name': '2019/2019-07-14_British_Grand_Prix/2019-07-14_Race/session_info.ff1pkl', 'bytes': 459, 'sha256': '9b922a9316a01270fd3df74fe9e00cf2f2661e92381ee1b1b34abb5afe6a0adf'}, {'name': '2019/2019-07-14_British_Grand_Prix/2019-07-14_Race/session_status_data.ff1pkl', 'bytes': 212, 'sha256': 'ef9aac3974cc05bc9820d85276bc744519170df1708b4f45e9d30bbdf0dd03ac'}, {'name': '2019/2019-07-14_British_Grand_Prix/2019-07-14_Race/timing_app_data.ff1pkl', 'bytes': 103371, 'sha256': 'c47fd09a85a19c807816c359fd13e0f3b3e58593b233eb3a7d044926cebcc602'}, {'name': '2019/2019-07-14_British_Grand_Prix/2019-07-14_Race/track_status_data.ff1pkl', 'bytes': 332, 'sha256': 'a20f8a470c39ce53d19469252b68a9d808864101740c27eff9fa166bc96169d9'}, {'name': 'fastf1_http_cache.sqlite', 'bytes': 15007744, 'sha256': '7079ea12057895059ac02b5fe303a3eb08f3e751919ba8fb9c0a3cb902aa592a'}]",CLEANED
2019:German Grand Prix:Race,2019,German Grand Prix,Race,FastF1,3.8.3,NEW_DOWNLOAD_EXPECTED,0,0,e3b0c44298fc1c149afbf4c8996fb92427ae41e4649b934ca495991b7852b855,False,approved split row checked before get_session,20,20,[],[],440547,351886,SUCCESS,10,89310735,9bbd251fdc3c47d67691ed5335a164452b93a12cbf534772eda0b337910d910b,89310735,"[{'name': '2019/2019-07-28_German_Grand_Prix/2019-07-28_Race/_extended_timing_data.ff1pkl', 'bytes': 951644, 'sha256': '7fd129f614c09f2f646ac0397ffc194e1bde8fdf663a9c8583111ce0a517bd8c'}, {'name': '2019/2019-07-28_German_Grand_Prix/2019-07-28_Race/car_data.ff1pkl', 'bytes': 43836731, 'sha256': '77ae4c33a81b4e0a1b64ed8cd7dde208958aacb56d358eb722edb180fd5e8f6a'}, {'name': '2019/2019-07-28_German_Grand_Prix/2019-07-28_Race/driver_info.ff1pkl', 'bytes': 4608, 'sha256': 'af4eb4c75185365f79be7380a414eaf9e81a87812529cb78f3d7fb0ccce4d153'}, {'name': '2019/2019-07-28_German_Grand_Prix/2019-07-28_Race/lap_count.ff1pkl', 'bytes': 1327, 'sha256': '645d870eec4d3e6ec4d4424903fe9b99129beebcd83af0359a2e325001e092b3'}, {'name': '2019/2019-07-28_German_Grand_Prix/2019-07-28_Race/position_data.ff1pkl', 'bytes': 26097729, 'sha256': '4bc744edae86161833276cc19f2c5a174f2c020b9ed26730680f524ba610070b'}, {'name': '2019/2019-07-28_German_Grand_Prix/2019-07-28_Race/session_info.ff1pkl', 'bytes': 449, 'sha256': 'ef3c4c5841068aedd3af70cd5088f448f49d42bf0e5670cb8b3fd74435e656b0'}, {'name': '2019/2019-07-28_German_Grand_Prix/2019-07-28_Race/session_status_data.ff1pkl', 'bytes': 214, 'sha256': '2967801b5fc642ac02fd12f909b0700657605986c6323c174c8c0714179e61d4'}, {'name': '2019/2019-07-28_German_Grand_Prix/2019-07-28_Race/timing_app_data.ff1pkl', 'bytes': 116243, 'sha256': '56b3e8a0cb45ef383811b8859fc3915d8415a20fd16fecebf9c83e73821f608b'}, {'name': '2019/2019-07-28_German_Grand_Prix/2019-07-28_Race/track_status_data.ff1pkl', 'bytes': 862, 'sha256': '11d03e9e06e03bbb8125d9680e22828d078f40d3067a48b19ddd09d6c29dbad0'}, {'name': 'fastf1_http_cache.sqlite', 'bytes': 18300928, 'sha256': 'd3d7d96829712fea6ef01a821a164bcc1b7df55df636a2444aa9d324dac82a3d'}]",CLEANED
2019:Hungarian Grand Prix:Race,2019,Hungarian Grand Prix,Race,FastF1,3.8.3,NEW_DOWNLOAD_EXPECTED,0,0,e3b0c44298fc1c149afbf4c8996fb92427ae41e4649b934ca495991b7852b855,False,approved split row checked before get_session,20,20,[],[],476494,381898,SUCCESS,10,81320580,2591d0d830ab749ada2d62d0a7dec6f96968070ee6d0155611a93afaa416e349,81320580,"[{'name': '2019/2019-08-04_Hungarian_Grand_Prix/2019-08-04_Race/_extended_timing_data.ff1pkl', 'bytes': 1086589, 'sha256': '537aa9f9f4885e7be8238044af8196c216147988506bf86a5350f9b0a7ae376d'}, {'name': '2019/2019-08-04_Hungarian_Grand_Prix/2019-08-04_Race/car_data.ff1pkl', 'bytes': 38681111, 'sha256': '2696b71e921488eab5ac59dbaec5f90e8dd3a937b1dba4be89a4bea574926a6c'}, {'name': '2019/2019-08-04_Hungarian_Grand_Prix/2019-08-04_Race/driver_info.ff1pkl', 'bytes': 4608, 'sha256': '293b336761c5df7eedc87495f9c269a34a7c0a364f326f434ae2d27fbd54dce2'}, {'name': '2019/2019-08-04_Hungarian_Grand_Prix/2019-08-04_Race/lap_count.ff1pkl', 'bytes': 1429, 'sha256': '702a6e7717a255eabd516d0c43bf7539faef92344d9fecedaefe598a820927bb'}, {'name': '2019/2019-08-04_Hungarian_Grand_Prix/2019-08-04_Race/position_data.ff1pkl', 'bytes': 23196089, 'sha256': '0c73bb6d2d322ac67edf21104dad2b015813fea4f9e354f76af887f495706bf1'}, {'name': '2019/2019-08-04_Hungarian_Grand_Prix/2019-08-04_Race/session_info.ff1pkl', 'bytes': 454, 'sha256': '7c2da1337b0040533a8218ceba6ef684d02ca19775f4a2a9db509124606a36d5'}, {'name': '2019/2019-08-04_Hungarian_Grand_Prix/2019-08-04_Race/session_status_data.ff1pkl', 'bytes': 216, 'sha256': 'ad039ad83959704ed8d8151240ddbd1b021ff016469c9eec0567d33335aace75'}, {'name': '2019/2019-08-04_Hungarian_Grand_Prix/2019-08-04_Race/timing_app_data.ff1pkl', 'bytes': 122695, 'sha256': '428d0040feb48cfeb21ebe6633120d0fd1d0a0093abf210f3ccbd24ae7f010fd'}, {'name': '2019/2019-08-04_Hungarian_Grand_Prix/2019-08-04_Race/track_status_data.ff1pkl', 'bytes': 189, 'sha256': '65cb3342640dfde2f2cf2ba16a73fc0dcea8bf7f0f5751e29ad13e251db37e17'}, {'name': 'fastf1_http_cache.sqlite', 'bytes': 18227200, 'sha256': '32267393038238c2fd4461380e9a4db5b348ec8e7be2f8e8c1b25205bece4733'}]",CLEANED
2019:Belgian Grand Prix:Race,2019,Belgian Grand Prix,Race,FastF1,3.8.3,NEW_DOWNLOAD_EXPECTED,0,0,e3b0c44298fc1c149afbf4c8996fb92427ae41e4649b934ca495991b7852b855,False,approved split row checked before get_session,20,20,[],[],375646,308797,SUCCESS,10,72462273,7422576cee4f1a467e5c521c05c8719cdc4346fb3e26c4e5b285a3249176cb57,72462273,"[{'name': '2019/2019-09-01_Belgian_Grand_Prix/2019-09-01_Race/_extended_timing_data.ff1pkl', 'bytes': 851827, 'sha256': 'a1a296c6bfb0e673a431c06db6a7bc31295ecc0f10ed3f064cedf2c450101460'}, {'name': '2019/2019-09-01_Belgian_Grand_Prix/2019-09-01_Race/car_data.ff1pkl', 'bytes': 34808231, 'sha256': '8b914f7a518f8e667a947d2bfcd3552664f97bff28f7094735b24370d8822b2b'}, {'name': '2019/2019-09-01_Belgian_Grand_Prix/2019-09-01_Race/driver_info.ff1pkl', 'bytes': 4608, 'sha256': '9382e857bb093a3a4b29367388e4279b5fbacde90f54b59030c895be72394af2'}, {'name': '2019/2019-09-01_Belgian_Grand_Prix/2019-09-01_Race/lap_count.ff1pkl', 'bytes': 936, 'sha256': '7298f40e34e0f99ee09608c1db465cc9f3a9bdc74ca6fe07ddec70a8a5b53502'}, {'name': '2019/2019-09-01_Belgian_Grand_Prix/2019-09-01_Race/position_data.ff1pkl', 'bytes': 21354089, 'sha256': 'b41ac165afdf3967ee4b855d7a7646bc84e8f2107abaac044a626aacf86f751e'}, {'name': '2019/2019-09-01_Belgian_Grand_Prix/2019-09-01_Race/session_info.ff1pkl', 'bytes': 465, 'sha256': '9dac18752c170dd4a10fb9aaa9af7ae1de5c0b96e6240ea8b747bf0f7782c7e3'}, {'name': '2019/2019-09-01_Belgian_Grand_Prix/2019-09-01_Race/session_status_data.ff1pkl', 'bytes': 214, 'sha256': '8e077ea1c6d433bd32b1263a0d4fd51f7cc3316ce87353f4505325e9aad0778f'}, {'name': '2019/2019-09-01_Belgian_Grand_Prix/2019-09-01_Race/timing_app_data.ff1pkl', 'bytes': 77396, 'sha256': '06b3eac62107ad2c879c9395b00da78fd6a09cd9b5ad84d9301d851453d52b7f'}, {'name': '2019/2019-09-01_Belgian_Grand_Prix/2019-09-01_Race/track_status_data.ff1pkl', 'bytes': 411, 'sha256': '5de804fda01865ea36eb66db9b17055d104d4b2f715a16c178765596c92e29fd'}, {'name': 'fastf1_http_cache.sqlite', 'bytes': 15364096, 'sha256': '23ebec4e1f327a10a383cfab0e337ca8a994c6e6a94a476889e9a319d76004bc'}]",CLEANED
2019:Italian Grand Prix:Race,2019,Italian Grand Prix,Race,FastF1,3.8.3,NEW_DOWNLOAD_EXPECTED,0,0,e3b0c44298fc1c149afbf4c8996fb92427ae41e4649b934ca495991b7852b855,False,approved split row checked before get_session,20,20,[],[],354821,290978,SUCCESS,10,67848356,f258bcc4fe57b7f295ac6115c4386838406bc0bd6d96c46423784ed73f30112b,67848356,"[{'name': '2019/2019-09-08_Italian_Grand_Prix/2019-09-08_Race/_extended_timing_data.ff1pkl', 'bytes': 987831, 'sha256': 'e6d11bf0c0d0f8766bb67a24c0f17ddd7cf8ceb1cf363c17f11a0a066ebe73d5'}, {'name': '2019/2019-09-08_Italian_Grand_Prix/2019-09-08_Race/car_data.ff1pkl', 'bytes': 32412751, 'sha256': '054f750999fcc1f94849c870c2c7618a2877e9193f4b311f52f86d169edc5ab4'}, {'name': '2019/2019-09-08_Italian_Grand_Prix/2019-09-08_Race/driver_info.ff1pkl', 'bytes': 4608, 'sha256': '866c2aefef7dadc93e22f3809e30b8971973d81a08e75e99cb712bf4de3c0fa8'}, {'name': '2019/2019-09-08_Italian_Grand_Prix/2019-09-08_Race/lap_count.ff1pkl', 'bytes': 1105, 'sha256': '640a6bee82a2f44de77d2719d9fdad978987296788be53f501da54cb91a99ee7'}, {'name': '2019/2019-09-08_Italian_Grand_Prix/2019-09-08_Race/position_data.ff1pkl', 'bytes': 19828929, 'sha256': 'b1b566ab23047ea4d14e13a7ffe5500eee072c4f65056ccd671c29539f593b67'}, {'name': '2019/2019-09-08_Italian_Grand_Prix/2019-09-08_Race/session_info.ff1pkl', 'bytes': 439, 'sha256': '8d86427e1209881b66cde21942b894a4c117db9b765b8398b4a56e7a9ae3e281'}, {'name': '2019/2019-09-08_Italian_Grand_Prix/2019-09-08_Race/session_status_data.ff1pkl', 'bytes': 214, 'sha256': '073a87e71e9a1ebcdab7758d1f86524e7bdfb6786de647c2ba5799b475074a29'}, {'name': '2019/2019-09-08_Italian_Grand_Prix/2019-09-08_Race/timing_app_data.ff1pkl', 'bytes': 95720, 'sha256': '772822e0644a9fa97034fb8d6d7a6e3a0a37f88d33f572313bce2db011e84b42'}, {'name': '2019/2019-09-08_Italian_Grand_Prix/2019-09-08_Race/track_status_data.ff1pkl', 'bytes': 535, 'sha256': 'bce9051a44fee06fde46d829e083e2ee84c457972fdf421750f0def8588873d2'}, {'name': 'fastf1_http_cache.sqlite', 'bytes': 14516224, 'sha256': '61a3c17af6cc86913f69b30b51a2a51a633c1c9745694904a5661219bce13433'}]",CLEANED
2019:Brazilian Grand Prix:Race,2019,Brazilian Grand Prix,Race,FastF1,3.8.3,NEW_DOWNLOAD_EXPECTED,0,0,e3b0c44298fc1c149afbf4c8996fb92427ae41e4649b934ca495991b7852b855,False,approved split row checked before get_session,20,20,[],[],456324,367368,SUCCESS,10,90784440,37a012e89e81cd1857241f56ed87d2f650b400c358dad96265aff02127fc5da4,90784440,"[{'name': '2019/2019-11-17_Brazilian_Grand_Prix/2019-11-17_Race/_extended_timing_data.ff1pkl', 'bytes': 1126926, 'sha256': '2bb8845d437071fa0a2f615bd86b2499df211f236380f822a715c8fbc1cbd374'}, {'name': '2019/2019-11-17_Brazilian_Grand_Prix/2019-11-17_Race/car_data.ff1pkl', 'bytes': 38820351, 'sha256': 'b5a100732def011e2068593beb7536723d8c8439d3863144579b45e80644c19b'}, {'name': '2019/2019-11-17_Brazilian_Grand_Prix/2019-11-17_Race/driver_info.ff1pkl', 'bytes': 2846, 'sha256': 'ab5b7a73c5c0d2d2c31333f9277bb682029369777423b06e1aae2d5c4c0db8ae'}, {'name': '2019/2019-11-17_Brazilian_Grand_Prix/2019-11-17_Race/lap_count.ff1pkl', 'bytes': 1441, 'sha256': '5392fc650fc4a1d9a3466143c43984e1e76b36da3e039c8478e7a2b463e60caf'}, {'name': '2019/2019-11-17_Brazilian_Grand_Prix/2019-11-17_Race/position_data.ff1pkl', 'bytes': 29351856, 'sha256': 'aca84ea08b2e81f56ff0991b41b620f736219ac33ed6153194dc9b49fe5e56da'}, {'name': '2019/2019-11-17_Brazilian_Grand_Prix/2019-11-17_Race/session_info.ff1pkl', 'bytes': 459, 'sha256': 'e37d5bad01982419ab32e642f650d71626f899e4c1261dac58826178c8c8bf2b'}, {'name': '2019/2019-11-17_Brazilian_Grand_Prix/2019-11-17_Race/session_status_data.ff1pkl', 'bytes': 216, 'sha256': 'a6d81ede0ccf6f2abe175f006f67e18ad377764d407fbf26ea48091944cf8958'}, {'name': '2019/2019-11-17_Brazilian_Grand_Prix/2019-11-17_Race/timing_app_data.ff1pkl', 'bytes': 119317, 'sha256': '8b1d3db528f6422cfdf7f0b669526e38dd784257dbc1f71f43c349198a08fdd0'}, {'name': '2019/2019-11-17_Brazilian_Grand_Prix/2019-11-17_Race/track_status_data.ff1pkl', 'bytes': 388, 'sha256': 'dbb240fab1f59a52c9293e0de325e3f50d32f2ae5281bf7bdd187891da57cae9'}, {'name': 'fastf1_http_cache.sqlite', 'bytes': 21360640, 'sha256': '69f6b6c37acb88738511c7f97018722e8ffece42dd089acbf73b818d49c3c159'}]",CLEANED
2019:Abu Dhabi Grand Prix:Race,2019,Abu Dhabi Grand Prix,Race,FastF1,3.8.3,NEW_DOWNLOAD_EXPECTED,0,0,e3b0c44298fc1c149afbf4c8996fb92427ae41e4649b934ca495991b7852b855,False,approved split row checked before get_session,20,20,[],[],471410,380053,SUCCESS,10,90893912,2c866effde9a752ce5a090697744bbf596efbe4210b7981ea04eec802a6e988b,90893912,"[{'name': '2019/2019-12-01_Abu_Dhabi_Grand_Prix/2019-12-01_Race/_extended_timing_data.ff1pkl', 'bytes': 1027483, 'sha256': 'd5d0bcf3cb56e6aa1ecec6029804e57390d8c84838ca31fcaa252fc8a997e4e5'}, {'name': '2019/2019-12-01_Abu_Dhabi_Grand_Prix/2019-12-01_Race/car_data.ff1pkl', 'bytes': 39275871, 'sha256': '1da187ee9ebe7001c468ba401a2062181ac80479e40f133e1d4e23a9c1e63611'}, {'name': '2019/2019-12-01_Abu_Dhabi_Grand_Prix/2019-12-01_Race/driver_info.ff1pkl', 'bytes': 5120, 'sha256': '673edf73a5923608b9842b581f295ee9b479a1d64d24703e2f89c7de8b234324'}, {'name': '2019/2019-12-01_Abu_Dhabi_Grand_Prix/2019-12-01_Race/lap_count.ff1pkl', 'bytes': 1142, 'sha256': 'fe26b19b6ba27e782804a41ba4e0283a111664342292193a08b9b493a73ff7cd'}, {'name': '2019/2019-12-01_Abu_Dhabi_Grand_Prix/2019-12-01_Race/position_data.ff1pkl', 'bytes': 29718778, 'sha256': 'c11e0f6b4ad98b50c8f4468002284acce01a39def7ed981dda36ca7b11cc565a'}, {'name': '2019/2019-12-01_Abu_Dhabi_Grand_Prix/2019-12-01_Race/session_info.ff1pkl', 'bytes': 476, 'sha256': '3fd8fef87620580639cbb5874ae79eef6d1681148bf5a06ad68514fccbee1da6'}, {'name': '2019/2019-12-01_Abu_Dhabi_Grand_Prix/2019-12-01_Race/session_status_data.ff1pkl', 'bytes': 216, 'sha256': '4f56199ddb723da11a5ae256cf5080a00e85e0c2e53f44a2469765bba7ac729d'}, {'name': '2019/2019-12-01_Abu_Dhabi_Grand_Prix/2019-12-01_Race/timing_app_data.ff1pkl', 'bytes': 102017, 'sha256': 'c3691c854617c682d7beb4a1468b58063b711a276c69f85e3a0df575bfc6f8d4'}, {'name': '2019/2019-12-01_Abu_Dhabi_Grand_Prix/2019-12-01_Race/track_status_data.ff1pkl', 'bytes': 185, 'sha256': 'a8968fbe52109ba10e1389f5497e156d8b0a1ec394ab7c5710198503c91e313f'}, {'name': 'fastf1_http_cache.sqlite', 'bytes': 20762624, 'sha256': 'e7317b25d06d30ddd3d39929e64cfcfccd15c1cfe64acecefae2f8472b601c84'}]",CLEANED
2020:70th Anniversary Grand Prix:Race,2020,70th Anniversary Grand Prix,Race,FastF1,3.8.3,NEW_DOWNLOAD_EXPECTED,0,0,e3b0c44298fc1c149afbf4c8996fb92427ae41e4649b934ca495991b7852b855,False,approved split row checked before get_session,20,20,[],[],394392,436407,SUCCESS,10,90528097,f64d3b0e3147490562dd02b3aa577e437176aecfaf87313b495b659ec8baeec7,90528097,"[{'name': '2020/2020-08-09_70th_Anniversary_Grand_Prix/2020-08-09_Race/_extended_timing_data.ff1pkl', 'bytes': 1035970, 'sha256': '1b931746c98a496901dc88cd912e4b880b3278fd044e4bb38ffb5d02d9b18e2e'}, {'name': '2020/2020-08-09_70th_Anniversary_Grand_Prix/2020-08-09_Race/car_data.ff1pkl', 'bytes': 33818170, 'sha256': 'd4abec5ba5d962a4d70350ab9a3641c00530b41c2ef25c60a5430bda57d57682'}, {'name': '2020/2020-08-09_70th_Anniversary_Grand_Prix/2020-08-09_Race/driver_info.ff1pkl', 'bytes': 4983, 'sha256': '827b6fdce3d19e8d6db79c6aa8f1cbdc5ed163e1edde481ac52a4a4bb2cecb61'}, {'name': '2020/2020-08-09_70th_Anniversary_Grand_Prix/2020-08-09_Race/lap_count.ff1pkl', 'bytes': 1084, 'sha256': '9bee89e86815628bfa9b14403e6e7a6bd74bf77745db66614ceda1c33646aca8'}, {'name': '2020/2020-08-09_70th_Anniversary_Grand_Prix/2020-08-09_Race/position_data.ff1pkl', 'bytes': 34882511, 'sha256': 'f09c81b59fef59d2ee5dc241d99ba22c3f9e25faf388e8242de8d37d3b53c385'}, {'name': '2020/2020-08-09_70th_Anniversary_Grand_Prix/2020-08-09_Race/session_info.ff1pkl', 'bytes': 477, 'sha256': '11e9dbc23f3f3091dd270a0de696ef8aa08413f6a0709f66d23e8d7d3153dfe3'}, {'name': '2020/2020-08-09_70th_Anniversary_Grand_Prix/2020-08-09_Race/session_status_data.ff1pkl', 'bytes': 212, 'sha256': 'de9138adb7eab32523a052650b30d6fb3b43d459de06ddb30397072a6fe51329'}, {'name': '2020/2020-08-09_70th_Anniversary_Grand_Prix/2020-08-09_Race/timing_app_data.ff1pkl', 'bytes': 107843, 'sha256': '507e3fd4e837420f3c71b247fcc8f49b98f229713f1d30451f165a52ff0bb0b2'}, {'name': '2020/2020-08-09_70th_Anniversary_Grand_Prix/2020-08-09_Race/track_status_data.ff1pkl', 'bytes': 239, 'sha256': 'cadc0e1588c3fcc068894d44fd579605ba0dd2e1c120be0fd0edf1313d0837d3'}, {'name': 'fastf1_http_cache.sqlite', 'bytes': 20676608, 'sha256': '3e29181ab0ae3c2c51db350ce11c78b51dc3efbce2a009c3f04cf87e466dfbeb'}]",CLEANED
2020:Spanish Grand Prix:Race,2020,Spanish Grand Prix,Race,FastF1,3.8.3,NEW_DOWNLOAD_EXPECTED,0,0,e3b0c44298fc1c149afbf4c8996fb92427ae41e4649b934ca495991b7852b855,False,approved split row checked before get_session,20,20,[],[],447097,495493,SUCCESS,10,101118267,5e238fbe381a3dcf684c8ca3643e7def60507f0f22e0dc5ee9b672b1f5af8f83,101118267,"[{'name': '2020/2020-08-16_Spanish_Grand_Prix/2020-08-16_Race/_extended_timing_data.ff1pkl', 'bytes': 1072697, 'sha256': '3edc981c78a8de9675a234f9d714cc7373cd9d6fd4705bf964dcad99d5dbc22a'}, {'name': '2020/2020-08-16_Spanish_Grand_Prix/2020-08-16_Race/car_data.ff1pkl', 'bytes': 37767750, 'sha256': '7c7575ff691c8041bf729962d120718ccdffd3943fe1c6f2815624f025ae25ab'}, {'name': '2020/2020-08-16_Spanish_Grand_Prix/2020-08-16_Race/driver_info.ff1pkl', 'bytes': 5095, 'sha256': '2a01ef2be845c52eb81d11edd09296cf361d2f53839b8a432a824aeb44719e56'}, {'name': '2020/2020-08-16_Spanish_Grand_Prix/2020-08-16_Race/lap_count.ff1pkl', 'bytes': 1358, 'sha256': '11cee4d66b990d9c51cf30f101e1da49c1346988b3f7ae8b42150ae1437da7d6'}, {'name': '2020/2020-08-16_Spanish_Grand_Prix/2020-08-16_Race/position_data.ff1pkl', 'bytes': 38875971, 'sha256': '844cfc73183a7ca9c0985d7389a464b022d71ebfabbea526c40a8a7b97dff7e4'}, {'name': '2020/2020-08-16_Spanish_Grand_Prix/2020-08-16_Race/session_info.ff1pkl', 'bytes': 447, 'sha256': '54337e9d3e9b253d4e6779ad828d6bab5443bf4cb85022935114c51259beb3a6'}, {'name': '2020/2020-08-16_Spanish_Grand_Prix/2020-08-16_Race/session_status_data.ff1pkl', 'bytes': 216, 'sha256': '909835868dc9d8b3e440356e203340aecb7c685e85a1929bc5492ae9fa961840'}, {'name': '2020/2020-08-16_Spanish_Grand_Prix/2020-08-16_Race/timing_app_data.ff1pkl', 'bytes': 116976, 'sha256': '821a65755d7ea48bef18416f6f615712d67328afe81a7f46420b4ee4e6292af0'}, {'name': '2020/2020-08-16_Spanish_Grand_Prix/2020-08-16_Race/track_status_data.ff1pkl', 'bytes': 189, 'sha256': '9b07aa19e61e2a8ec6781cbde7aac1a95388af9a75dff2e095cd6bf33f26b233'}, {'name': 'fastf1_http_cache.sqlite', 'bytes': 23277568, 'sha256': '65e0e3d30f513ba470b881237a4b599cf5cc1e84d1f2b8ef9ef43b9552eb4b71'}]",CLEANED
2020:Italian Grand Prix:Race,2020,Italian Grand Prix,Race,FastF1,3.8.3,NEW_DOWNLOAD_EXPECTED,0,0,e3b0c44298fc1c149afbf4c8996fb92427ae41e4649b934ca495991b7852b855,False,approved split row checked before get_session,20,20,[],[],467992,516828,SUCCESS,10,113999784,cab3eb4413dd32aa22ef1b336eee6c525faec3217819cde50b000dbf1942813c,113999784,"[{'name': '2020/2020-09-06_Italian_Grand_Prix/2020-09-06_Race/_extended_timing_data.ff1pkl', 'bytes': 936756, 'sha256': '8d9196081cba4451488e183e6d553908ec41b370e07d3b8548a3acfe5917fc15'}, {'name': '2020/2020-09-06_Italian_Grand_Prix/2020-09-06_Race/car_data.ff1pkl', 'bytes': 41955730, 'sha256': '5940350c6a0e04ffa0c159eefaa992eafdf678386b01445094096ec138033534'}, {'name': '2020/2020-09-06_Italian_Grand_Prix/2020-09-06_Race/driver_info.ff1pkl', 'bytes': 5095, 'sha256': 'ffb8d4aa9814ea3cefa5be33f91e32676366e02787749f4747437582d7c31816'}, {'name': '2020/2020-09-06_Italian_Grand_Prix/2020-09-06_Race/lap_count.ff1pkl', 'bytes': 1107, 'sha256': '6f28f1d13204ac124a91a8165d6e050143fad5fac8a392cca0633f2d242d6b5f'}, {'name': '2020/2020-09-06_Italian_Grand_Prix/2020-09-06_Race/position_data.ff1pkl', 'bytes': 50203879, 'sha256': '65937c31554bea7ee8a8827d013f9e4ed28807f1ee6ddab986dd4e93bc6059ec'}, {'name': '2020/2020-09-06_Italian_Grand_Prix/2020-09-06_Race/session_info.ff1pkl', 'bytes': 439, 'sha256': '7ff783de23aa1e5e35989135cf8607475bec8de171f52908ae700fd1052dd92c'}, {'name': '2020/2020-09-06_Italian_Grand_Prix/2020-09-06_Race/session_status_data.ff1pkl', 'bytes': 268, 'sha256': '2c346930478a8ccf60777288fc0ea8e47757b3cd616c839d4f96fc27fdc28e80'}, {'name': '2020/2020-09-06_Italian_Grand_Prix/2020-09-06_Race/timing_app_data.ff1pkl', 'bytes': 59773, 'sha256': '6040c7152b11abec476ef1f85ea241d4c8c6541d78cad1cf3299c2947b4e409e'}, {'name': '2020/2020-09-06_Italian_Grand_Prix/2020-09-06_Race/track_status_data.ff1pkl', 'bytes': 385, 'sha256': '76c5a03e9a56d06fa5b638a99c626c02e11aac903467979078ec88042fa197bf'}, {'name': 'fastf1_http_cache.sqlite', 'bytes': 20836352, 'sha256': 'd221f3c70248120d57fcccf95b09a3778c3d47bf12af3c6a0291116ed6e10c1d'}]",CLEANED
2020:Russian Grand Prix:Race,2020,Russian Grand Prix,Race,FastF1,3.8.3,NEW_DOWNLOAD_EXPECTED,0,0,e3b0c44298fc1c149afbf4c8996fb92427ae41e4649b934ca495991b7852b855,False,approved split row checked before get_session,20,20,[],[],422011,467519,SUCCESS,10,106985784,be86e2a3e0b4b3b5a254c939e41c9dbe2150649166729e7d725a5d3a833afd6b,106985784,"[{'name': '2020/2020-09-27_Russian_Grand_Prix/2020-09-27_Race/_extended_timing_data.ff1pkl', 'bytes': 951867, 'sha256': 'cb02307dc276d3e96fa743034569091ee6eed5025e06bfdb045c7e93c157c525'}, {'name': '2020/2020-09-27_Russian_Grand_Prix/2020-09-27_Race/car_data.ff1pkl', 'bytes': 38454550, 'sha256': '7b831e7631089ce9ddb2b4a4325a159732049e184509311e35dce7883ba2c0a1'}, {'name': '2020/2020-09-27_Russian_Grand_Prix/2020-09-27_Race/driver_info.ff1pkl', 'bytes': 5203, 'sha256': 'e96e1871c35fd35793f91c7dfb8367161b5d5642771b991f34eadda7a55b3e4e'}, {'name': '2020/2020-09-27_Russian_Grand_Prix/2020-09-27_Race/lap_count.ff1pkl', 'bytes': 1105, 'sha256': 'fa60f5283f374c1b681516be3ac1605680498ed983d63c0735aeddf6ebcaaf1b'}, {'name': '2020/2020-09-27_Russian_Grand_Prix/2020-09-27_Race/position_data.ff1pkl', 'bytes': 46149231, 'sha256': 'f0c28d5212a6d895c197f130685782dd94c4cf1c63f42eb8347863798f9a38d2'}, {'name': '2020/2020-09-27_Russian_Grand_Prix/2020-09-27_Race/session_info.ff1pkl', 'bytes': 440, 'sha256': 'bb5780009ae97385635e9e37f545138b08973a205ac5d11002647d1da6c87833'}, {'name': '2020/2020-09-27_Russian_Grand_Prix/2020-09-27_Race/session_status_data.ff1pkl', 'bytes': 214, 'sha256': '1b99bf247bf96e7bce0eb7b6982d02b0338aff1c1ad7884fa397da636418e5bd'}, {'name': '2020/2020-09-27_Russian_Grand_Prix/2020-09-27_Race/timing_app_data.ff1pkl', 'bytes': 99054, 'sha256': 'baf34de73ff14368b1a0ad3f07c7f4229ace3b3fd625e3f3e478a70a9059e413'}, {'name': '2020/2020-09-27_Russian_Grand_Prix/2020-09-27_Race/track_status_data.ff1pkl', 'bytes': 344, 'sha256': '4ff6c998622f3d170883fa0ef8c2b9cdd42f12097ade326ec18e22c1cc4473e3'}, {'name': 'fastf1_http_cache.sqlite', 'bytes': 21323776, 'sha256': '53b917f863ea3b785ff6b1d6845626198015ad0a21c859f6021784560ae4c3f9'}]",CLEANED
2020:Eifel Grand Prix:Race,2020,Eifel Grand Prix,Race,FastF1,3.8.3,NEW_DOWNLOAD_EXPECTED,0,0,e3b0c44298fc1c149afbf4c8996fb92427ae41e4649b934ca495991b7852b855,False,approved split row checked before get_session,20,20,[],[],402357,446755,SUCCESS,10,83665473,4616e2cf99fd667f00061c3d3b2a7d467cb1b6bb3d3acaca4a973f6aed5f167d,83665473,"[{'name': '2020/2020-10-11_Eifel_Grand_Prix/2020-10-11_Race/_extended_timing_data.ff1pkl', 'bytes': 1008476, 'sha256': '6a140461ee11e201ebaf406acc9f0e8a0c4b782eec4660ebda4e7961a2a84244'}, {'name': '2020/2020-10-11_Eifel_Grand_Prix/2020-10-11_Race/car_data.ff1pkl', 'bytes': 28338050, 'sha256': '9a4f4771d05743ed916f95bfde81fc5a4e2d0b77a7f1c39d6cc0026db336d3e6'}, {'name': '2020/2020-10-11_Eifel_Grand_Prix/2020-10-11_Race/driver_info.ff1pkl', 'bytes': 5090, 'sha256': 'b1694bb82e7c52a087a01dd5bd79118439368df0f28ab6fd6d08dbb9c64ce846'}, {'name': '2020/2020-10-11_Eifel_Grand_Prix/2020-10-11_Race/lap_count.ff1pkl', 'bytes': 1235, 'sha256': '3a1215e1892e7e7aadd03ab92c5c7fd8ebc4a55bedf0b91160c47ca6e7e67ef8'}, {'name': '2020/2020-10-11_Eifel_Grand_Prix/2020-10-11_Race/position_data.ff1pkl', 'bytes': 34081455, 'sha256': '5683365e31ecf70b90421245339921b0b79abb8720087e9cdf84241606750bfd'}, {'name': '2020/2020-10-11_Eifel_Grand_Prix/2020-10-11_Race/session_info.ff1pkl', 'bytes': 451, 'sha256': '6d1e9569c2db33d5f16c5fa85002b8fceb86ce85b727ba879eed9e90ed8e7ef4'}, {'name': '2020/2020-10-11_Eifel_Grand_Prix/2020-10-11_Race/session_status_data.ff1pkl', 'bytes': 189, 'sha256': '2143e411c192b2064efdf9569611de85a1685da27854146046aebe1cfcc4f7a0'}, {'name': '2020/2020-10-11_Eifel_Grand_Prix/2020-10-11_Race/timing_app_data.ff1pkl', 'bytes': 102303, 'sha256': 'aea569978f2a23b558290f5908de7e079456891ef8659d737a0a0934323bfc5a'}, {'name': '2020/2020-10-11_Eifel_Grand_Prix/2020-10-11_Race/track_status_data.ff1pkl', 'bytes': 480, 'sha256': '9d5311a6b3d340228f0f81ef70a925817d13818aed2f5f219f134d5c1531ed95'}, {'name': 'fastf1_http_cache.sqlite', 'bytes': 20127744, 'sha256': '944815084096b3c9d6b21f9defbf6b780d875f8caf1b447b016a7f0d6f893a0d'}]",CLEANED
2020:Portuguese Grand Prix:Race,2020,Portuguese Grand Prix,Race,FastF1,3.8.3,NEW_DOWNLOAD_EXPECTED,0,0,e3b0c44298fc1c149afbf4c8996fb92427ae41e4649b934ca495991b7852b855,False,approved split row checked before get_session,20,20,[],[],442426,490437,SUCCESS,10,100432722,f0a9c36ea261c88162236c039afc1de7e5ac867334fcb659a47f682ec575153a,100432722,"[{'name': '2020/2020-10-25_Portuguese_Grand_Prix/2020-10-25_Race/_extended_timing_data.ff1pkl', 'bytes': 1224080, 'sha256': 'd64161d879e20e3e704264f4e63dc8bbc1300893c550681ea4c7a5194a9f208e'}, {'name': '2020/2020-10-25_Portuguese_Grand_Prix/2020-10-25_Race/car_data.ff1pkl', 'bytes': 37151790, 'sha256': '57bf3b29afea88b049c43232eac4995d0a666e0f7e2e1ea08471fcb33379b8f2'}, {'name': '2020/2020-10-25_Portuguese_Grand_Prix/2020-10-25_Race/driver_info.ff1pkl', 'bytes': 5095, 'sha256': '14745286422046582ad79fd97eee0d86af36e33dd9565adf3ff9533fa1a5766e'}, {'name': '2020/2020-10-25_Portuguese_Grand_Prix/2020-10-25_Race/lap_count.ff1pkl', 'bytes': 1356, 'sha256': '10e9da1cb4c650907a61e4ee8c2399977772a5989f9ecbdea0024489e768d0bb'}, {'name': '2020/2020-10-25_Portuguese_Grand_Prix/2020-10-25_Race/position_data.ff1pkl', 'bytes': 38396151, 'sha256': '9dccfc8be86aab70c93ec36e88d7b9534e103da517c5d43d12fa6cd6704bad93'}, {'name': '2020/2020-10-25_Portuguese_Grand_Prix/2020-10-25_Race/session_info.ff1pkl', 'bytes': 475, 'sha256': 'bbdf313b870bf6753bc18be41ead37bf21e5a7ef3258d025f75f26e3119677c4'}, {'name': '2020/2020-10-25_Portuguese_Grand_Prix/2020-10-25_Race/session_status_data.ff1pkl', 'bytes': 212, 'sha256': 'b70a38d279c02e3cb58f2c3744ec589572c349486834772be9e97259176889d9'}, {'name': '2020/2020-10-25_Portuguese_Grand_Prix/2020-10-25_Race/timing_app_data.ff1pkl', 'bytes': 125952, 'sha256': '12d1302b468b9427623a12c91c9f622fc6d484af38b8aec618f5fc85c5b864bd'}, {'name': '2020/2020-10-25_Portuguese_Grand_Prix/2020-10-25_Race/track_status_data.ff1pkl', 'bytes': 187, 'sha256': '2a4e767341f5c30529b02bda16214f57c388c6c42d2013afc298be165220b330'}, {'name': 'fastf1_http_cache.sqlite', 'bytes': 23527424, 'sha256': '4cd1eb0e9841e1d0557d6292aa3d9f20481e30d2183d7eeb98c3236004827d75'}]",CLEANED
2020:Emilia Romagna Grand Prix:Race,2020,Emilia Romagna Grand Prix,Race,FastF1,3.8.3,NEW_DOWNLOAD_EXPECTED,0,0,e3b0c44298fc1c149afbf4c8996fb92427ae41e4649b934ca495991b7852b855,False,approved split row checked before get_session,20,20,[],[],390911,434810,SUCCESS,10,102864278,f2df2b9e210cfde5b96a8356988dd73eb65a6cfd73d2692187636ef0620ce76d,102864278,"[{'name': '2020/2020-11-01_Emilia_Romagna_Grand_Prix/2020-11-01_Race/_extended_timing_data.ff1pkl', 'bytes': 979373, 'sha256': '739fca2a40c7a1109db23e27765e8e9670bef925afdac0703919d8a45346497f'}, {'name': '2020/2020-11-01_Emilia_Romagna_Grand_Prix/2020-11-01_Race/car_data.ff1pkl', 'bytes': 36578270, 'sha256': 'fccc8fd71221e64cf167322a8bfb3b828168b8a56030a2847869e60ef9a63891'}, {'name': '2020/2020-11-01_Emilia_Romagna_Grand_Prix/2020-11-01_Race/driver_info.ff1pkl', 'bytes': 5203, 'sha256': 'fbda676cfb78a570731a98f82e1c32c5303b057e97362237c7da9b6d369a94ec'}, {'name': '2020/2020-11-01_Emilia_Romagna_Grand_Prix/2020-11-01_Race/lap_count.ff1pkl', 'bytes': 1303, 'sha256': 'fab90131a1674565eba5c8207c19751ab85fcee6f0b7d2aa896109162ff8823d'}, {'name': '2020/2020-11-01_Emilia_Romagna_Grand_Prix/2020-11-01_Race/position_data.ff1pkl', 'bytes': 44056050, 'sha256': '73825c40dc67bba200b0ee93266052133ecc123f4c6246ef7d2e6e65c3c43110'}, {'name': '2020/2020-11-01_Emilia_Romagna_Grand_Prix/2020-11-01_Race/session_info.ff1pkl', 'bytes': 453, 'sha256': '6a2d087a85aca7f8f67cc14f9f60e167bd2462e928a20c83fea64da34e679a5e'}, {'name': '2020/2020-11-01_Emilia_Romagna_Grand_Prix/2020-11-01_Race/session_status_data.ff1pkl', 'bytes': 212, 'sha256': '5bbb644fd65cc4c6c499ae1156549287befae7e0d576c78a6941144f08c30f0b'}, {'name': '2020/2020-11-01_Emilia_Romagna_Grand_Prix/2020-11-01_Race/timing_app_data.ff1pkl', 'bytes': 119832, 'sha256': 'a26c6e9f05e4be08cdc83ab17d5f3f634c39d8c3fdb0ce19d6452a202f829c28'}, {'name': '2020/2020-11-01_Emilia_Romagna_Grand_Prix/2020-11-01_Race/track_status_data.ff1pkl', 'bytes': 510, 'sha256': '05620835f89b7367010a76205465045cb1a07435bf1f5f0f044e1fb1ab743e21'}, {'name': 'fastf1_http_cache.sqlite', 'bytes': 21123072, 'sha256': '2166bf0aa81dc0f283998e46b930abe1df06f47ccbcfbde818d6b1e3c30775ea'}]",CLEANED
2020:Bahrain Grand Prix:Race,2020,Bahrain Grand Prix,Race,FastF1,3.8.3,NEW_DOWNLOAD_EXPECTED,0,0,e3b0c44298fc1c149afbf4c8996fb92427ae41e4649b934ca495991b7852b855,False,approved split row checked before get_session,20,20,[],[],821775,909003,SUCCESS,10,167985102,e1c69c57bdb6246d568864362ba60c0a65abb3272aca3b46d5f3c382bd1f8ad1,167985102,"[{'name': '2020/2020-11-29_Bahrain_Grand_Prix/2020-11-29_Race/_extended_timing_data.ff1pkl', 'bytes': 1129420, 'sha256': '7caa479090bd0baabbeee93cafb2c27f372b0a899935dbb0f67cbcac67191dfc'}, {'name': '2020/2020-11-29_Bahrain_Grand_Prix/2020-11-29_Race/car_data.ff1pkl', 'bytes': 63183650, 'sha256': '6d94a8ce7cd57dc8697dda8f5f460ccc8377eac5bf5b86ea7342929dac64466a'}, {'name': '2020/2020-11-29_Bahrain_Grand_Prix/2020-11-29_Race/driver_info.ff1pkl', 'bytes': 5095, 'sha256': '360cc1cb2fa6382560392b075233b6b9ec2b963c7653d483485769d1cc1ff6ef'}, {'name': '2020/2020-11-29_Bahrain_Grand_Prix/2020-11-29_Race/lap_count.ff1pkl', 'bytes': 1179, 'sha256': '1ef15438706908ede2d164a851ee1b28bc42da10d80e1358abc97be8ca493ff2'}, {'name': '2020/2020-11-29_Bahrain_Grand_Prix/2020-11-29_Race/position_data.ff1pkl', 'bytes': 75727184, 'sha256': 'b7bc1d325722513202c3f4c9dbe8fecb1611dc678af701bc581bf774eda6e20e'}, {'name': '2020/2020-11-29_Bahrain_Grand_Prix/2020-11-29_Race/session_info.ff1pkl', 'bytes': 443, 'sha256': 'a196570c71d85edbf6a07aebab77d14da276ab425515ee189c681c54c97bb5da'}, {'name': '2020/2020-11-29_Bahrain_Grand_Prix/2020-11-29_Race/session_status_data.ff1pkl', 'bytes': 264, 'sha256': '9b387545eb2f2a1176c7f5031d862f96cf95e2073aefe994fe81e3158d673415'}, {'name': '2020/2020-11-29_Bahrain_Grand_Prix/2020-11-29_Race/timing_app_data.ff1pkl', 'bytes': 96942, 'sha256': 'dd70474f1f06d4f3cfff344e2fb752008082cd54e4674335ce040de3f14ca9fc'}, {'name': '2020/2020-11-29_Bahrain_Grand_Prix/2020-11-29_Race/track_status_data.ff1pkl', 'bytes': 413, 'sha256': '3d9adcc61d30bd362be8afced3330c86b8c254e579c446d99c179739ace919cc'}, {'name': 'fastf1_http_cache.sqlite', 'bytes': 27840512, 'sha256': '0e898cd9c90494aa26ed01477aec21837ab1728212db50ae9b2423671a565522'}]",CLEANED
2020:Sakhir Grand Prix:Race,2020,Sakhir Grand Prix,Race,FastF1,3.8.3,NEW_DOWNLOAD_EXPECTED,0,0,e3b0c44298fc1c149afbf4c8996fb92427ae41e4649b934ca495991b7852b855,False,approved split row checked before get_session,20,20,[],[],397915,442110,SUCCESS,10,104521133,060cb113c12d75ae534c53caa2bc3854be6b0a42857011ce8ba6e2a7bee96a8d,104521133,"[{'name': '2020/2020-12-06_Sakhir_Grand_Prix/2020-12-06_Race/_extended_timing_data.ff1pkl', 'bytes': 1154565, 'sha256': '3259592cf0eb9567be28cc38ba74cfff468a573a20d654d581056f3b759aa3d2'}, {'name': '2020/2020-12-06_Sakhir_Grand_Prix/2020-12-06_Race/car_data.ff1pkl', 'bytes': 36794251, 'sha256': 'edea1a9ea98801acaf718b3db96f9eccae0f3d6be36a93890b72c73599c4f3c3'}, {'name': '2020/2020-12-06_Sakhir_Grand_Prix/2020-12-06_Race/driver_info.ff1pkl', 'bytes': 4846, 'sha256': '7cadc494e6b57f74ca933363b39f38bb7eafa1c3e004142555a7e6bf59f75ab5'}, {'name': '2020/2020-12-06_Sakhir_Grand_Prix/2020-12-06_Race/lap_count.ff1pkl', 'bytes': 1747, 'sha256': '71f25e9aaae2c1c0130cfd60ad7ea1a6692d4c6b018ee4ddbf0ef1acf8a7fd8e'}, {'name': '2020/2020-12-06_Sakhir_Grand_Prix/2020-12-06_Race/position_data.ff1pkl', 'bytes': 44296211, 'sha256': 'a573a41d924791141d38ca4eeb4cea928620734023352ef2f9f7d41a210cf114'}, {'name': '2020/2020-12-06_Sakhir_Grand_Prix/2020-12-06_Race/session_info.ff1pkl', 'bytes': 453, 'sha256': 'f774c0d27228d61fb836b63a91cd001709a0665d8bf61dca295386d82f580e22'}, {'name': '2020/2020-12-06_Sakhir_Grand_Prix/2020-12-06_Race/session_status_data.ff1pkl', 'bytes': 214, 'sha256': '2d2ea0a19d067a468a1e1502fd59c7af58c8a4e50cdcd20dbf7f3693f32ba98a'}, {'name': '2020/2020-12-06_Sakhir_Grand_Prix/2020-12-06_Race/timing_app_data.ff1pkl', 'bytes': 137587, 'sha256': '232511466db0037a26fe120c6cc74beccac6f4b789adcb2da6e98d781afdf0d9'}, {'name': '2020/2020-12-06_Sakhir_Grand_Prix/2020-12-06_Race/track_status_data.ff1pkl', 'bytes': 571, 'sha256': 'deca7cd0f2d5ad546ae540fb0accec57b3e44efeccc345a5d8b5c3a03e0db5d9'}, {'name': 'fastf1_http_cache.sqlite', 'bytes': 22130688, 'sha256': '68e3e03786bf4f5747d97bef3ea3ee1b1718069aeb8c175a5506c9f18c020587'}]",CLEANED
