race_id,split,year,event,session,car_rows,position_rows,car_unique_drivers,position_unique_drivers,car_driver_race_entries,position_driver_race_entries,car_laps_covered,position_laps_covered,car_driver_hours,position_driver_hours,car_gap_count_over_5s,car_gap_seconds_over_5s,position_gap_count_over_5s,position_gap_seconds_over_5s,car_duplicate_timestamps,position_duplicate_timestamps,car_nonmonotonic_timestamps,position_nonmonotonic_timestamps,car_timestamp_status,position_timestamp_status
2018:Abu Dhabi Grand Prix:Race,train,2018,Abu Dhabi Grand Prix,Race,438984,353374,20,20,20,20,55,55,29.154449166666666,29.153379722222223,0,0,0,0,0,0,0,0,PASS,PASS
2018:Austrian Grand Prix:Race,train,2018,Austrian Grand Prix,Race,366595,297614,20,20,20,20,71,71,24.55596166666667,24.555882222222223,0,0,0,0,0,0,0,0,PASS,PASS
2018:Azerbaijan Grand Prix:Race,train,2018,Azerbaijan Grand Prix,Race,427514,348130,20,20,20,20,51,51,28.72493916666667,28.723529166666665,0,0,0,0,0,0,0,0,PASS,PASS
2018:Belgian Grand Prix:Race,train,2018,Belgian Grand Prix,Race,334113,273116,20,20,20,20,44,44,22.531744722222225,22.532632500000002,0,0,0,0,0,0,0,0,PASS,PASS
2018:Brazilian Grand Prix:Race,train,2018,Brazilian Grand Prix,Race,414062,332439,20,20,20,20,71,71,27.426511666666666,27.426103055555554,0,0,0,0,0,0,0,0,PASS,PASS
2018:British Grand Prix:Race,train,2018,British Grand Prix,Race,385086,307994,20,20,20,20,52,52,25.411936666666666,25.412009166666667,0,0,0,0,0,0,0,0,PASS,PASS
2018:Canadian Grand Prix:Race,train,2018,Canadian Grand Prix,Race,399509,326210,20,20,20,20,70,70,26.916333611111114,26.9150325,0,0,0,0,0,0,0,0,PASS,PASS
2018:Chinese Grand Prix:Race,train,2018,Chinese Grand Prix,Race,475304,387297,20,20,20,20,56,56,31.95659527777778,31.95565611111111,0,0,0,0,0,0,0,0,PASS,PASS
2018:French Grand Prix:Race,train,2018,French Grand Prix,Race,396139,322496,20,20,20,20,53,53,26.611630277777778,26.61236388888889,0,0,0,0,0,0,0,0,PASS,PASS
2018:German Grand Prix:Race,train,2018,German Grand Prix,Race,439177,351162,20,20,20,20,67,67,28.975778888888886,28.975600277777776,0,0,0,0,0,0,0,0,PASS,PASS
2018:Hungarian Grand Prix:Race,train,2018,Hungarian Grand Prix,Race,441752,353489,20,20,20,20,70,70,29.166370833333332,29.166155833333335,0,0,0,0,0,0,0,0,PASS,PASS
2018:Japanese Grand Prix:Race,train,2018,Japanese Grand Prix,Race,405161,332199,20,20,20,20,53,53,27.4067225,27.40743861111111,0,0,0,0,0,0,0,0,PASS,PASS
2018:Mexican Grand Prix:Race,train,2018,Mexican Grand Prix,Race,438984,359641,20,20,20,20,71,71,29.671386388888887,29.670683888888888,0,0,0,0,0,0,0,0,PASS,PASS
2019:Abu Dhabi Grand Prix:Race,train,2019,Abu Dhabi Grand Prix,Race,471410,380053,20,20,20,20,55,55,31.356997777777778,31.355752499999998,0,0,0,0,0,0,0,0,PASS,PASS
2019:Australian Grand Prix:Race,train,2019,Australian Grand Prix,Race,398270,317300,20,20,20,20,58,58,26.180329722222226,26.180069444444445,0,0,0,0,0,0,0,0,PASS,PASS
2019:Austrian Grand Prix:Race,train,2019,Austrian Grand Prix,Race,415099,332933,20,20,20,20,71,71,27.469589444444445,27.469707777777778,0,0,0,0,0,0,0,0,PASS,PASS
2019:Azerbaijan Grand Prix:Race,train,2019,Azerbaijan Grand Prix,Race,430129,352215,20,20,20,20,51,51,29.060166111111112,29.06012722222222,0,0,0,0,0,0,0,0,PASS,PASS
2019:Bahrain Grand Prix:Race,train,2019,Bahrain Grand Prix,Race,458170,366254,20,20,20,20,57,57,30.21748527777778,30.217898888888886,0,0,0,0,0,0,0,0,PASS,PASS
2019:Belgian Grand Prix:Race,train,2019,Belgian Grand Prix,Race,375646,308797,20,20,20,20,44,44,25.475617777777778,25.4752225,0,0,0,0,0,0,0,0,PASS,PASS
2019:Brazilian Grand Prix:Race,train,2019,Brazilian Grand Prix,Race,456324,367368,20,20,20,20,71,71,30.310663055555555,30.310875000000003,0,0,0,0,0,0,0,0,PASS,PASS
2019:British Grand Prix:Race,train,2019,British Grand Prix,Race,366861,292815,20,20,20,20,52,52,24.160311111111113,24.159210277777778,0,0,0,0,0,0,0,0,PASS,PASS
2019:Canadian Grand Prix:Race,train,2019,Canadian Grand Prix,Race,421573,344875,20,20,20,20,70,70,28.454872777777776,28.453690555555553,19,110.96000000000276,0,0,0,0,0,0,PASS,PASS
2019:Chinese Grand Prix:Race,train,2019,Chinese Grand Prix,Race,444546,355298,20,20,20,20,56,56,29.315965000000002,29.314930833333335,0,0,0,0,0,0,0,0,PASS,PASS
2019:French Grand Prix:Race,train,2019,French Grand Prix,Race,425219,341213,20,20,20,20,53,53,28.160110555555555,28.159664166666666,0,0,0,0,0,0,0,0,PASS,PASS
2019:German Grand Prix:Race,train,2019,German Grand Prix,Race,440547,351886,20,20,20,20,64,64,29.03195638888889,29.030738611111115,0,0,0,0,0,0,0,0,PASS,PASS
2019:Hungarian Grand Prix:Race,train,2019,Hungarian Grand Prix,Race,476494,381898,20,20,20,20,70,70,31.509441944444443,31.509253333333334,0,0,0,0,0,0,0,0,PASS,PASS
2019:Italian Grand Prix:Race,train,2019,Italian Grand Prix,Race,354821,290978,20,20,20,20,53,53,24.00721638888889,24.008005,0,0,0,0,0,0,0,0,PASS,PASS
2020:70th Anniversary Grand Prix:Race,train,2020,70th Anniversary Grand Prix,Race,394392,436407,20,20,20,20,52,52,26.5886625,26.588263333333334,0,0,0,0,0,0,0,0,PASS,PASS
2020:Bahrain Grand Prix:Race,train,2020,Bahrain Grand Prix,Race,821775,909003,20,20,20,20,57,57,55.38627833333333,55.38740972222222,0,0,0,0,0,0,0,0,PASS,PASS
2020:Eifel Grand Prix:Race,train,2020,Eifel Grand Prix,Race,402357,446755,20,20,20,20,60,60,27.242724722222224,27.2435675,0,0,0,0,0,0,0,0,PASS,PASS
2020:Emilia Romagna Grand Prix:Race,train,2020,Emilia Romagna Grand Prix,Race,390911,434810,20,20,20,20,63,63,26.491118888888888,26.4910075,0,0,0,0,0,0,0,0,PASS,PASS
2020:Hungarian Grand Prix:Race,train,2020,Hungarian Grand Prix,Race,460025,509488,20,20,20,20,70,70,31.0398225,31.04105333333333,0,0,0,0,0,0,0,0,PASS,PASS
2020:Italian Grand Prix:Race,train,2020,Italian Grand Prix,Race,467992,516828,20,20,20,20,53,53,31.487882499999998,31.487887777777775,0,0,0,0,0,0,0,0,PASS,PASS
2020:Portuguese Grand Prix:Race,train,2020,Portuguese Grand Prix,Race,442426,490437,20,20,20,20,66,66,29.879582777777777,29.88010583333333,0,0,0,0,0,0,0,0,PASS,PASS
2020:Russian Grand Prix:Race,train,2020,Russian Grand Prix,Race,422011,467519,20,20,20,20,53,53,28.484021666666667,28.484005833333335,0,0,0,0,0,0,0,0,PASS,PASS
2020:Sakhir Grand Prix:Race,train,2020,Sakhir Grand Prix,Race,397915,442110,20,20,20,20,87,87,26.935705833333333,26.935939166666667,0,0,0,0,0,0,0,0,PASS,PASS
2020:Spanish Grand Prix:Race,train,2020,Spanish Grand Prix,Race,447097,495493,20,20,20,20,66,66,30.18788111111111,30.188385555555556,0,0,0,0,0,0,0,0,PASS,PASS
